종목명,현재가,전일비,등락률,액면가,거래량,시가총액,영업이익,PER,ROA
삼성전자,43950,100,-0.23%,100,4637815,2623719,588867,7.3,13.83
SK하이닉스,74400,600,0.81%,5000,1673056,541634,208438,3.49,28.49
삼성전자우,36350,350,-0.95%,100,553133,299119,,6.03,
현대차,126000,2000,1.61%,5000,252713,269222,24222,23.54,0.92
NAVER,148500,500,0.34%,100,367244,244748,9425,37.72,7.02
LG화학,329500,9500,2.97%,5000,176590,232602,22461,17.52,5.63
현대모비스,241500,1000,0.42%,5000,134747,230166,20250,12.45,4.45
셀트리온,151500,1000,-0.66%,1000,424845,194430,3387,73.94,7.4
SK텔레콤,237000,500,-0.21%,500,109267,191367,12018,6.12,8.26
신한지주,40350,100,-0.25%,5000,562173,191340,44994,6.06,0.72
삼성바이오로직스,283500,2000,0.71%,2500,100332,187578,557,83.7,3.41
POSCO,207500,1500,-0.72%,5000,166366,180913,55426,10.7,2.41
LG생활건강,1150000,1000,0.09%,5000,14760,179609,10393,29.84,13.77
삼성물산,91200,2300,2.59%,100,310514,172997,11039,10.19,3.82
기아차,42350,400,0.95%,5000,603093,171671,11575,14.85,2.22
삼성SDI,246500,5000,2.07%,5000,205524,169505,7150,24.74,4.25
한국전력,25600,350,-1.35%,5000,575077,164343,-2080,-12.5,-0.64
KB금융,39000,300,-0.76%,5000,502077,163063,42675,5.33,0.67
삼성에스디에스,196000,1000,-0.51%,500,41053,151660,8774,24.1,8.36
SK이노베이션,161500,3000,-1.82%,5000,113320,149332,21176,9.16,4.86
KT&G,101500,500,0.50%,5000,162344,139352,12551,15.46,8.93
SK,197000,1500,-0.76%,200,84018,138610,46881,6.2,5.37
삼성생명,66300,300,-0.45%,500,156045,132600,25833,7.97,0.61
LG,70200,100,0.14%,5000,114796,121135,19638,6.62,8.47
엔씨소프트,531000,8000,-1.48%,500,57823,116536,6149,27.86,13.03
카카오,133000,0,0.00%,500,302961,111156,729,216.97,0.22
삼성화재,227500,1000,-0.44%,500,47228,107778,14543,10.75,1.38
S-Oil,92700,0,0.00%,2500,172705,104364,6395,41.89,1.66
LG전자,60700,100,0.17%,5000,282902,99334,27033,8.85,3.44
하나금융지주,32100,300,0.94%,5000,724311,96378,31522,4.3,0.61
고려아연,432000,5000,-1.14%,5000,24862,81518,7647,15.46,7.5
넷마블,94200,600,-0.63%,100,114097,80758,2417,42.32,3.99
우리금융지주,11550,100,-0.86%,5000,569718,78559,,,
롯데케미칼,227500,3500,1.56%,5000,77520,77977,19674,4.94,8.14
한국조선해양,108500,1000,0.93%,5000,171349,76789,-5225,-14.87,-1.65
아모레퍼시픽,124000,2000,-1.59%,500,139477,72489,4820,25.76,6.23
KT,27000,50,-0.18%,5000,286806,70500,12615,10.24,2.46
기업은행,12150,50,-0.41%,5000,606070,69856,23964,4.56,0.63
삼성전기,88300,900,-1.01%,5000,607181,65955,10181,10.44,8.35
강원랜드,28200,200,-0.70%,500,203154,60331,4307,20.29,7.06
웅진코웨이,80800,300,0.37%,500,122119,59630,5198,17.06,15.42
한온시스템,11150,50,-0.45%,100,376186,59519,4338,21.44,5.99
현대글로비스,156500,500,-0.32%,500,42503,58688,7101,13.42,5.18
KODEX 200,25645,25,-0.10%,0,2994532,57778,,,
LG유플러스,12350,50,-0.40%,5000,797030,53922,7309,11.2,3.72
현대중공업지주,322500,5000,1.57%,5000,22218,52524,8614,19.55,1.28
현대제철,36750,300,-0.81%,5000,135784,49041,10261,12.3,1.22
미래에셋대우,7340,20,0.27%,5000,974405,48320,5123,12.74,0.44
삼성중공업,7480,30,0.40%,5000,2540056,47124,-4093,-10.79,-2.76
LG디스플레이,12850,150,-1.15%,5000,898856,45979,929,-22.19,-0.58
아모레G,55200,600,-1.08%,500,51408,45517,5495,34.5,5.11
현대건설,40500,750,-1.82%,5000,371141,45099,8400,11.83,2.93
GS,46750,0,0.00%,5000,91688,43438,22098,4.9,4.62
맥쿼리인프라,11450,0,0.00%,0,308988,39966,,,
한국금융지주,71300,1200,-1.66%,5000,97158,39733,6215,8.29,0.92
한국항공우주,38900,50,-0.13%,5000,353902,37918,1464,66.27,1.6
에스원,99500,2000,-1.97%,500,40261,37809,1991,36.72,6.31
롯데쇼핑,133000,2000,1.53%,5000,101312,37624,5970,-6.88,-1.72
삼성카드,32150,550,-1.68%,5000,59858,37249,4786,10.79,1.5
두산밥캣,35800,100,-0.28%,500,60700,35889,4590,13.57,4.19
한국타이어앤테크놀로지,28950,400,1.40%,500,157396,35862,7027,6.87,5.49
한국가스공사,38300,50,-0.13%,5000,83733,35356,12769,6.94,1.37
CJ제일제당,229500,2000,-0.86%,5000,33226,34549,8327,4.24,5.09
오리온,87100,2300,-2.57%,500,88243,34436,2822,24.62,6.21
NH투자증권,12200,50,0.41%,5000,445017,34332,5401,10.15,0.74
롯데지주,32600,700,2.19%,200,209646,34200,984,18.67,0.45
DB손해보험,47850,950,-1.95%,500,99305,33878,7207,6.36,1.08
BGF리테일,195500,1000,-0.51%,1000,13256,33790,1895,21.91,11.17
대림산업,97000,500,-0.51%,5000,71841,33756,8454,5.79,5.17
휠라코리아,55000,500,0.92%,1000,1523042,33613,3571,23.41,6.58
한미약품,283000,4500,-1.57%,2500,21736,32862,836,132,2.04
CJ대한통운,143000,3000,2.14%,5000,30476,32622,2427,86.14,0.73
이마트,115500,0,0.00%,5000,162151,32197,4628,7.15,2.9
삼성증권,34900,250,-0.71%,5000,173027,31166,4581,9.33,0.88
호텔신라,78900,1300,-1.62%,5000,250466,30967,2091,28.61,4.88
포스코케미칼,50600,1900,3.90%,500,367440,30860,1063,22.62,14.89
제일기획,25900,0,0.00%,200,171711,29796,1811,22.96,5.98
삼성엔지니어링,15150,200,-1.30%,5000,448581,29694,2061,43.29,1.45
현대차2우B,81300,100,-0.12%,5000,38509,29663,,15.19,
메리츠종금증권,4775,60,-1.24%,1000,1008329,29477,5323,7.93,1.57
GS리테일,38050,1250,-3.18%,1000,146883,29298,1803,24.3,2.6
쌍용양회,5760,50,-0.86%,1000,549295,29022,2469,19.86,4.24
대우조선해양,26650,100,0.38%,5000,124778,28570,10248,8.28,2.74
유한양행,221000,2000,0.91%,5000,24825,28237,501,50.03,2.73
한화케미칼,17450,300,-1.69%,5000,733435,28178,3543,15.4,1.11
TIGER 200,25650,30,-0.12%,0,1325458,27561,,,
한미사이언스,41750,100,-0.24%,500,51014,27030,262,150.18,1.94
GS건설,31650,500,-1.56%,5000,194951,25296,10645,4.1,4.57
KODEX 레버리지,10765,15,-0.14%,0,13465194,24523,,,
팬오션,4500,20,0.45%,1000,566911,24056,2039,15.79,3.71
LG이노텍,100500,500,0.50%,5000,133757,23785,2635,14.58,2.8
CJ,80100,700,-0.87%,5000,41249,23371,13325,10.35,2.88
KCC,219500,1500,0.69%,5000,12107,23172,2435,-98.3,-0.25
신세계,226000,0,0.00%,5000,36307,22250,3974,9.31,2.68
포스코인터내셔널,17850,150,-0.83%,5000,101248,22022,4726,14.19,1.22
금호석유,71800,100,0.14%,5000,60992,21876,5546,4.9,10.94
대한항공,22850,200,-0.87%,5000,223520,21672,6403,-11.36,-0.74
BNK금융지주,6520,50,-0.76%,5000,342684,21251,7498,4.23,0.56
한화생명,2440,20,0.83%,5000,1527571,21192,6502,5.1,0.35
현대엘리베이,77900,1000,-1.27%,5000,248644,21188,1431,260.54,0.06
메리츠화재,18450,800,-4.16%,500,142584,20974,3127,8.84,1.22
현대해상,23300,1050,-4.31%,500,419959,20830,5335,5.58,0.88
오뚜기,569000,12000,-2.07%,5000,3524,20514,1517,12.39,8.5
오렌지라이프,24850,550,2.26%,1000,269011,20377,4130,6.55,0.97
한화에어로스페이스,38500,750,1.99%,5000,316694,19851,532,62.2,0.75
일진머티리얼즈,42600,1500,3.65%,500,777105,19643,487,47.49,6.15
대웅제약,162500,1000,-0.61%,2500,14595,18828,246,-124.24,-1.27
효성,87100,700,0.81%,5000,88145,18353,1435,0.6,32.72
두산,100500,1000,-0.99%,5000,51188,18329,12159,-21.03,-1.18
메리츠금융지주,12750,350,-2.67%,500,64941,17879,8024,5.72,1.36
동서,17800,200,-1.11%,500,37842,17747,432,15.23,8.54
한화,23650,100,0.42%,5000,175448,17728,18061,4.94,0.49
한진칼,29500,50,-0.17%,2500,215501,17455,1088,-43.19,-0.63
현대차우,71300,300,0.42%,5000,12225,17366,,13.32,
대우건설,4060,20,-0.49%,5000,390287,16874,6287,5.65,3.4
더존비즈온,56800,800,-1.39%,500,93593,16854,540,40.06,15.38
SKC,44750,1300,2.99%,5000,339504,16797,2011,13.93,3.76
현대백화점,70900,500,-0.70%,5000,35374,16592,3567,6.94,4.18
현대미포조선,41000,650,1.61%,5000,186469,16376,709,19.27,2.05
OCI,68100,1000,-1.45%,5000,71585,16241,1587,15.65,1.77
영원무역,35550,200,-0.56%,500,79374,15753,2010,13.94,4.53
HDC현대산업개발,35600,500,-1.39%,5000,63873,15642,3179,4.55,
만도,32900,250,-0.75%,1000,300964,15449,1974,14.62,2.54
하이트진로,22000,50,-0.23%,5000,203733,15429,904,70.51,0.64
한샘,63400,100,0.16%,1000,58180,14921,560,16.58,9.39
LG생활건강우,700000,4000,0.57%,5000,1614,14698,,18.17,
키움증권,65900,500,-0.75%,5000,38490,14564,2890,8.5,1.28
LS,44300,400,-0.89%,5000,31377,14265,5091,3.53,4.77
한전KPS,31350,0,0.00%,200,72688,14108,1915,8.74,13.01
현대로템,16550,200,-1.19%,5000,330607,14068,-1962,-4.68,-7.62
농심,229500,2000,-0.86%,5000,7707,13960,886,16.56,3.38
KODEX 단기채권,101310,10,0.01%,0,16277,13790,,,
이노션,68400,800,-1.16%,500,15039,13680,1182,17.8,5.49
한국테크놀로지그룹,14650,150,-1.01%,500,23192,13627,2115,6.58,6.41
한올바이오파마,25700,300,-1.15%,500,156500,13426,55,407.94,1.99
LS산전,44450,750,-1.66%,5000,55361,13335,2050,10.14,5.67
SK네트웍스,5290,80,-1.49%,2500,569730,13129,1379,182.41,0.1
신세계인터내셔날,183500,4500,2.51%,5000,38685,13102,555,22.79,5.97
두산인프라코어,6120,40,-0.65%,5000,386985,12739,8481,5.17,3.7
LG화학우,165500,2000,1.22%,5000,10687,12725,,8.8,
녹십자,108000,1000,-0.92%,5000,18087,12621,502,36.66,2
F&F,81700,0,0.00%,500,53917,12582,915,11.52,24.4
아시아나항공,5510,50,-0.90%,5000,1277393,12190,282,-5.72,-2.33
현대오토에버,57400,1300,2.32%,500,27406,12054,702,21.96,6.76
금호타이어,4160,55,-1.30%,5000,288090,11950,-789,-5.29,-4.19
NHN,61000,100,0.16%,500,50740,11935,686,13.36,4.54
두산중공업,5890,10,0.17%,5000,529182,11906,10017,-1.61,-1.69
GKL,19100,200,-1.04%,500,79601,11814,1051,15.19,
DGB금융지주,6870,80,-1.15%,5000,328403,11620,3366,3.03,0.67
태광산업,1035000,8000,-0.77%,5000,392,11524,3315,5.38,5.79
현대위아,42200,50,-0.12%,5000,101982,11476,50,-20.66,-0.78
KBSTAR 200,25640,30,-0.12%,0,571118,11410,,,
롯데정밀화학,43500,650,-1.47%,5000,62556,11223,2107,5.22,12.87
현대홈쇼핑,93200,1600,-1.69%,5000,10150,11184,1123,6.71,7.53
KODEX 코스닥150 레버리지,6600,100,-1.49%,0,23079416,11075,,,
현대그린푸드,11300,150,-1.31%,500,76549,11041,1372,10.7,4.52
코오롱인더,40750,750,-1.81%,5000,53687,10994,1449,18.11,0.76
영풍,592000,4000,-0.67%,5000,793,10905,-1089,9.85,0.97
KODEX 종합채권(AA-이상)액티브,109425,125,-0.11%,0,45021,10884,,,
JB금융지주,5460,100,-1.80%,5000,210747,10755,4168,3.73,0.68
현대상선,3315,70,-2.07%,5000,473104,10494,-5587,-1.31,-20.47
롯데칠성,131000,3500,-2.60%,500,17472,10471,850,-23.91,-1.47
에스엘,21600,0,0.00%,500,59874,10412,167,24.3,1.93
TRUE 코스피 양매도 5% OTM ETN,10455,0,0.00%,0,203398,10340,,,
더블유게임즈,56500,900,-1.57%,500,39358,10317,1358,11.6,8.8
한국콜마,43550,750,-1.69%,500,269880,9965,900,22.29,2.58
오리온홀딩스,15600,250,-1.58%,500,30249,9773,2305,17.35,2.74
KODEX 삼성그룹,6010,10,0.17%,0,1253059,9640,,,
롯데제과,150000,1000,-0.66%,500,4310,9625,644,68.59,0.38
태영건설,12550,300,-2.33%,500,104896,9588,4635,5.23,5.03
코리안리,7780,30,0.39%,500,157423,9365,1436,9.1,0.99
KODEX 200TR,8045,0,0.00%,0,936654,9328,,,
아이에스동서,30000,550,-1.80%,500,59381,9268,3874,3.77,10.95
대웅,15700,350,-2.18%,500,39521,9128,858,30.54,2.08
한솔케미칼,80200,600,-0.74%,5000,21470,9059,936,12.86,8.94
다우기술,20150,0,0.00%,500,25657,9041,3239,8.19,1.43
녹십자홀딩스,19050,100,0.53%,500,23525,8959,493,51.07,0.75
KODEX 단기채권PLUS,101365,5,0.00%,0,33884,8942,,,
넥센타이어,9120,20,0.22%,500,96810,8907,1824,9.18,3.43
쿠쿠홈시스,39650,1200,-2.94%,100,38384,8896,675,25.85,8.11
후성,9580,220,2.35%,500,5284185,8872,396,28.77,7.41
부광약품,13900,500,-3.47%,500,203777,8831,351,6.06,39.92
동원시스템즈,34300,650,-1.86%,5000,13775,8787,788,16.62,5.52
휴켐스,21350,350,-1.61%,1000,40037,8728,1392,8.35,12.04
롯데관광개발,12450,50,0.40%,500,31649,8592,30,-6.08,-24.85
종근당,81900,900,-1.09%,2500,8150,8493,757,20.03,6.01
TIGER 단기통안채,101140,5,0.00%,0,20982,8315,,,
애경산업,31500,1250,-3.82%,1000,201851,8299,792,13.08,19.27
동원F&B,215000,2500,-1.15%,5000,7767,8297,872,14.63,4.09
동원산업,224500,3000,-1.32%,5000,2606,8256,1777,10.93,2.76
KODEX MSCI Korea TR,7945,5,-0.06%,0,290348,7897,,,
덴티움,71100,700,-0.97%,500,10162,7870,420,22.97,9.16
화승엔터프라이즈,12950,350,-2.63%,500,35830,7839,403,45.6,2.46
영진약품,4240,50,-1.17%,500,592919,7755,-22,-128.48,-3.05
HANARO 200,25665,25,-0.10%,0,3556,7674,,,
쿠쿠홀딩스,107500,1000,-0.92%,500,2194,7646,679,8.21,13.68
S&T모티브,51900,100,-0.19%,5000,33199,7589,563,13.49,4.72
ARIRANG 200,25755,25,-0.10%,0,234206,7572,,,
SPC삼립,87100,700,-0.80%,5000,5368,7516,599,17.84,5.67
대한유화,115500,2000,1.76%,5000,28451,7508,3188,2.92,13.02
HDC,12500,150,-1.19%,5000,107274,7468,954,0.74,18.72
대덕전자,9530,100,-1.04%,500,385788,7434,348,1.85,
대상,21350,450,-2.06%,1000,152199,7397,1202,11.85,2.94
아모레퍼시픽우,70000,300,-0.43%,500,3717,7390,,14.54,
NICE,19500,800,-3.94%,500,78097,7387,1283,12.28,5.07
롯데하이마트,31150,500,-1.58%,5000,74231,7354,1865,8.6,2.7
한섬,29800,450,-1.49%,500,59153,7340,920,9.87,6.02
CJ CGV,34250,550,-1.58%,500,73866,7248,777,-5.15,-8.03
한세실업,18050,200,-1.10%,500,107894,7220,386,-14.22,-4.21
코스맥스,71300,1200,-1.66%,500,103206,7165,523,21.97,2.11
동아에스티,83300,1000,-1.19%,5000,9709,7034,394,87.87,0.87
미래에셋생명,3900,25,-0.64%,5000,40837,6904,1424,7.05,0.3
LIG넥스원,31250,50,0.16%,5000,97479,6875,241,153.94,0.21
영원무역홀딩스,50400,800,-1.56%,500,3067,6872,2549,7.97,5.05
SK가스,74900,600,-0.79%,5000,4301,6847,1030,11.46,1.37
락앤락,12550,800,-5.99%,500,330393,6800,365,22.65,4.16
효성티앤씨,157000,1000,-0.63%,5000,5598,6794,1251,18.49,
KODEX Top5PlusTR,12095,10,0.08%,0,232,6773,,,
한전기술,17650,200,-1.12%,200,27516,6746,215,52.22,1.69
QV 코스피 변동성 매칭형 양매도 ETN,9620,20,0.21%,0,1,6734,,,
KODEX 코스닥 150,8850,70,-0.78%,0,2551532,6730,,,
LG상사,17050,0,0.00%,5000,63725,6609,1657,-9.39,-0.72
DB하이텍,14800,100,0.68%,5000,382549,6571,1130,7.59,8.43
롯데정보통신,41950,250,0.60%,5000,47960,6459,390,19.02,3.63
KOSEF 200,25870,30,-0.12%,0,29693,6442,,,
KINDEX 200,25745,30,-0.12%,0,389160,6333,,,
TIGER MSCI Korea TR,9975,0,0.00%,0,0,6274,,,
제주항공,23750,250,-1.04%,5000,69228,6260,1012,8.83,7.74
효성첨단소재,137000,7000,5.38%,5000,257292,6138,641,-13.41,
풍산,21850,650,-2.89%,5000,54885,6123,1075,9.88,2.3
아주캐피탈,10600,50,0.47%,5000,31590,6100,1100,6.7,1.58
대신증권,11900,50,0.42%,5000,89547,6042,1585,7.33,0.77
LF,20200,150,-0.74%,5000,77628,5906,1195,7.1,5.01
동양생명,3635,55,-1.49%,5000,245510,5865,726,10.72,0.18
동국제강,6140,90,-1.44%,5000,175611,5860,1450,-1.97,-5.15
지역난방공사,50100,400,-0.79%,5000,3823,5801,145,-2.56,
현대건설기계,29050,200,-0.68%,5000,53468,5723,2087,6.36,5.27
빙그레,57600,600,-1.03%,5000,26305,5674,393,16.59,5.3
세아베스틸,15800,250,-1.56%,5000,18972,5666,559,27.01,0.68
미래에셋대우2우B,4000,10,-0.25%,5000,174985,5600,,6.94,
BGF,5820,80,-1.36%,1000,123813,5571,295,10.12,3.8
삼양식품,73300,700,-0.95%,5000,28513,5522,552,15.86,8.71
보령제약,12400,150,1.22%,500,275911,5481,250,27.02,4.76
한일현대시멘트,32200,250,-0.77%,5000,20094,5416,205,-18.38,-5.62
씨에스윈드,31300,1000,3.30%,500,77468,5410,327,91.25,1.42
대한해운,22100,50,0.23%,5000,114100,5398,1437,6.34,3.14
JW중외제약,26450,650,-2.40%,2500,63186,5374,216,72.27,1.32
동아쏘시오홀딩스,87500,800,0.92%,5000,7784,5371,505,-3.28,-12.13
세방전지,38300,150,0.39%,500,7674,5362,1113,5.55,8
LG하우시스,59600,700,-1.16%,5000,7964,5345,704,-11.22,-2.09
유안타증권,2655,40,-1.48%,5000,210401,5299,911,5.39,0.89
SK디앤디,27900,0,0.00%,1000,3372,5298,851,8.62,4.31
신영증권,56100,200,-0.36%,5000,1828,5266,1033,12.44,0.8
한국토지신탁,2070,10,-0.48%,1000,2339277,5227,1846,3.13,12.91
SK케미칼,44150,50,-0.11%,5000,28498,5184,457,95.56,-0.85
삼성화재우,162000,1000,-0.61%,500,4215,5171,,7.65,
태림포장,7290,90,-1.22%,500,3417491,5162,357,23.44,4.63
대교,6060,10,0.17%,500,22758,5133,256,33.48,2.28
경동나비엔,40150,300,-0.74%,1000,39666,5115,408,20.66,4.55
대한전선,597,9,-1.49%,500,604135,5113,495,-199,-0.47
효성화학,160000,2500,-1.54%,5000,8019,5104,650,14.47,
삼양사,49550,250,0.51%,5000,3591,5099,970,11.74,2.77
삼양홀딩스,59000,900,-1.50%,5000,6897,5053,1385,7.48,3.11
삼성 코스피 양매도 5% OTM ETN,10005,0,0.00%,0,27,5002,,,
화승인더,9000,100,-1.10%,500,93641,4979,577,24.52,2.78
한국단자,47800,700,-1.44%,500,18052,4978,462,12.57,4.56
KODEX 코스피,19585,10,0.05%,0,119509,4955,,,
롯데푸드,432500,5500,1.29%,5000,1173,4895,676,11.51,3.5
하나투어,41950,1200,-2.78%,500,193259,4873,249,55.71,1.58
TIGER TOP10,7925,5,0.06%,0,15,4854,,,
KODEX 인버스,7420,10,0.13%,0,8660974,4719,,,
금호산업,12800,0,0.00%,5000,129391,4613,423,-984.62,-0.04
고려제강,22900,500,-2.14%,1000,8924,4580,380,135.5,0.08
AK홀딩스,34450,700,-1.99%,5000,15535,4564,2697,4.27,6.52
파미셀,7600,270,-3.43%,500,590961,4557,3,-35.51,-20.96
쌍용차,3030,50,-1.62%,5000,112288,4540,-642,-6.76,-2.78
TIGER 단기채권액티브,50620,0,0.00%,0,26,4488,,,
SMART 200TR,8375,5,-0.06%,0,3946,4485,,,
스카이라이프,9370,200,-2.09%,2500,33163,4481,667,8.68,6.47
우리종금,660,7,-1.05%,500,1145705,4450,329,13.47,1.46
KODEX 200선물인버스2X,8420,10,0.12%,0,19869069,4420,,,
한화투자증권,2060,20,-0.96%,5000,111244,4420,972,5.04,1.02
제일약품,30000,0,0.00%,500,11601,4411,74,234.38,0.46
송원산업,18300,200,-1.08%,500,96095,4392,543,11.53,4.35
동성제약,16800,200,-1.18%,1000,364292,4380,-18,-72.41,-4.35
남해화학,8810,170,-1.89%,1000,68139,4377,170,52.44,1.51
LG전자우,25450,0,0.00%,5000,13967,4374,,3.71,
진에어,14500,350,-2.36%,1000,69990,4350,630,9.78,
SK디스커버리,22550,450,-1.96%,5000,16664,4293,1000,5.73,1.98
종근당홀딩스,85000,1900,-2.19%,2500,35515,4258,537,15.51,6.25
한라홀딩스,40500,500,-1.22%,5000,14598,4241,575,33.36,0.73
CJ헬로,5440,90,-1.63%,2500,68170,4213,680,10.62,
한진중공업,5050,50,1.00%,5000,148578,4205,617,-0.06,-36.99
맵스리얼티1,4520,15,-0.33%,0,47228,4196,,,
아이마켓코리아,11650,550,4.95%,500,139605,4187,362,33.97,1.91
한국쉘석유,322000,1000,0.31%,5000,1081,4186,310,16.77,18.12
삼화콘덴서,40050,850,-2.08%,1000,99595,4163,813,6.74,34.62
현대에이치씨엔,3685,60,-1.60%,500,25118,4160,467,10.41,5.27
두산건설,1280,5,-0.39%,500,183283,4156,-522,-0.23,-21.04
한일시멘트,100000,0,0.00%,5000,1326,4145,561,3.87,
신도리코,40700,800,-1.93%,5000,2860,4103,249,11.71,3.71
잇츠한불,18500,100,-0.54%,500,17895,4057,199,49.2,3.38
유니드,44700,250,-0.56%,5000,9824,3974,801,11,3.23
이리츠코크렙,6180,10,-0.16%,500,21714,3915,129,68.67,
남선알미늄,3530,100,-2.75%,500,2636778,3889,94,15.48,
일양약품,20250,300,-1.46%,2500,22204,3865,167,-80.68,0.75
하나제약,23850,300,-1.24%,500,18242,3864,336,12.09,13.65
남양유업,536000,7000,-1.29%,5000,146,3859,86,235.81,0.19
KODEX 선진국MSCI World,14120,70,0.50%,0,3115,3855,,,
한국자산신탁,3385,35,-1.02%,500,30641,3820,1379,3.73,11.57
부산가스,34700,50,0.14%,5000,1521,3817,413,7.75,5.22
한화손해보험,3265,25,-0.76%,5000,107443,3812,1105,4.66,0.52
JW홀딩스,5900,20,-0.34%,500,102095,3807,333,16.43,2.78
일진다이아,33700,300,0.90%,1000,381478,3801,152,51.53,4.85
광동제약,7240,70,0.98%,1000,155587,3795,339,17,3.02
동양,1585,10,-0.63%,500,109572,3783,7,113.21,0.32
미원에스씨,71700,500,-0.69%,500,999,3777,400,10.35,14.48
드림텍,6440,150,-2.28%,100,287402,3749,424,8.75,13.11
한국콜마홀딩스,20800,550,-2.58%,500,116027,3731,948,6.03,11.08
삼진제약,26650,300,-1.11%,1000,33390,3704,595,14.52,10.37
신영증권우,52200,200,0.38%,5000,663,3682,,11.57,
일동제약,16000,200,-1.23%,1000,20259,3627,283,28.52,2.25
JW생명과학,22900,900,-3.78%,2500,72624,3626,235,22.92,7.92
에어부산,6960,140,2.05%,1000,2794538,3624,206,17.19,7.11
율촌화학,14600,100,0.69%,500,219007,3621,178,24.62,
서흥,31200,600,-1.89%,500,12483,3610,393,14.02,4.76
ARIRANG 고배당주,10985,35,-0.32%,0,42692,3599,,,
서울가스,71600,1000,-1.38%,5000,55,3580,43,8.65,2.87
농심홀딩스,76200,100,0.13%,5000,781,3534,411,7.56,4
신한알파리츠,7390,10,0.14%,1000,65202,3520,120,66.58,
퍼시스,30550,450,-1.45%,1000,356,3513,277,7.72,9.88
한솔제지,14600,200,-1.35%,5000,54393,3475,1114,9.12,2.15
한진,28950,50,0.17%,5000,51351,3467,421,7.58,1.78
코리아오토글라스,17300,350,-1.98%,5000,29029,3460,498,7.98,7.97
엔에스쇼핑,10250,150,-1.44%,500,5854,3454,612,9.99,4.37
풀무원,9060,30,-0.33%,500,39295,3451,402,15.95,1.09
효성중공업,36950,650,-1.73%,5000,25230,3445,500,104.97,
교보증권,9570,110,-1.14%,5000,64234,3445,933,4.46,1.09
조선내화,85900,300,-0.35%,5000,1334,3436,394,6.52,5.71
도화엔지니어링,10150,250,-2.40%,500,163858,3423,173,24.82,3.92
삼천리,83800,200,-0.24%,5000,1807,3398,823,10.6,0.72
TIGER 코스닥150,8905,70,-0.78%,0,281474,3364,,,
E1,49000,100,-0.20%,5000,3311,3361,140,4.3,2.26
에이프로젠 KIC,2225,0,0.00%,500,1963280,3360,16,-3.52,-9.7
아세아시멘트,85500,2900,-3.28%,5000,7212,3331,792,21.37,1.21
유양디앤유,5720,230,-3.87%,500,486953,3328,-184,-10.63,-15.13
경인양행,8220,90,1.11%,500,2242574,3321,197,25.14,3.58
두산우,74900,200,0.27%,5000,1582,3304,,-15.67,
필룩스,4315,5,-0.12%,500,1680271,3260,10,-20.65,-4.45
한미반도체,5670,170,-2.91%,200,157179,3245,568,7.04,18.56
케이씨텍,16300,100,0.62%,500,97890,3234,670,5.95,18.75
세아홀딩스,80800,500,-0.62%,5000,107,3232,1175,9.86,1.21
신성통상,2230,150,7.21%,500,32846675,3205,194,42.88,1.17
한국카본,7230,80,1.12%,500,241848,3178,62,-106.32,-0.82
유나이티드제약,19550,150,-0.76%,500,8365,3169,378,10.01,11.16
용평리조트,6570,170,-2.52%,5000,349288,3162,246,30.99,1.21
넥센,5820,10,-0.17%,500,25804,3116,1436,5.35,3.61
한화3우B,13850,300,2.21%,5000,72879,3112,,2.9,
신세계푸드,78600,1200,-1.50%,5000,2319,3044,274,35.76,1.4
디티알오토모티브,30450,300,1.00%,500,3332,3043,717,5.46,7.09
대한제분,179000,1000,-0.56%,5000,1537,3025,328,5.88,5.74
이월드,3335,220,-6.19%,1000,4281891,3018,46,32.38,3.74
신풍제약,5670,60,-1.05%,500,73839,3004,69,157.5,0.51
삼호,19600,50,-0.25%,5000,6998,2975,909,4.61,8.23
SBS,16300,150,0.93%,5000,43125,2975,51,61.05,0.57
경농,13650,550,-3.87%,500,199207,2961,148,53.53,1.41
진흥기업,2020,5,0.25%,500,49902,2939,351,49.27,1.78
SBS미디어홀딩스,2100,20,-0.94%,500,11935,2938,71,25.93,1.71
현대차증권,10000,50,-0.50%,5000,26963,2934,681,5.8,0.74
한독,21300,300,-1.39%,500,34066,2932,221,36.54,1.09
모토닉,8870,60,-0.67%,500,21733,2927,72,29.87,2.26
한일홀딩스,48450,250,-0.51%,5000,5561,2904,411,0.56,15.79
SK증권,613,6,-0.97%,500,538634,2897,129,15.72,0.37
대원제약,14700,250,1.73%,500,22550,2890,307,12.17,9.27
한세예스24홀딩스,7210,120,-1.64%,500,23867,2884,565,-18.12,-2.69
인스코비,3190,140,-4.20%,500,6048646,2876,53,-33.94,-15.69
환인제약,15350,0,0.00%,500,11944,2855,273,13.27,7.65
현대리바트,13800,300,-2.13%,1000,12451,2834,481,7.29,5.71
삼영무역,15950,200,-1.24%,500,30187,2808,68,9.73,7.73
에이블씨엔씨,10350,50,-0.48%,500,68484,2798,-190,-21.65,-3.08
무림P&P,4485,115,2.63%,2500,129842,2797,1022,4.01,5.68
웅진씽크빅,2065,30,-1.43%,500,460454,2771,340,4.35,3.76
아세아제지,30850,100,-0.32%,5000,15836,2763,983,3.51,9.96
신대양제지,68400,100,0.15%,5000,9158,2756,1166,3.48,13.37
나노메딕스,8120,310,-3.68%,500,1983298,2737,-114,-29,-11.65
KOSEF 200TR,29195,40,-0.14%,0,11251,2730,,,
경방,9800,40,-0.41%,500,4271,2687,410,13.3,1.57
동아지질,23350,100,-0.43%,500,103864,2685,261,14.33,6.91
풍산홀딩스,34100,950,-2.71%,5000,5716,2672,365,7.63,4.18
KPX케미칼,54600,600,-1.09%,5000,1393,2643,239,23.91,2.22
광주신세계,165000,2000,1.23%,5000,556,2640,501,5.85,6.67
무학,9210,10,-0.11%,200,119495,2625,-100,-12.95,-3.14
IHQ,1785,20,-1.11%,500,441387,2610,99,-25.87,-4.07
제일파마홀딩스,15950,0,0.00%,500,5757,2548,109,13.11,1.25
국도화학,43650,650,-1.47%,5000,4301,2536,686,5.64,5.68
S&T홀딩스,15550,50,-0.32%,500,7423,2535,727,9.24,3.46
한국주철관,11100,150,-1.33%,500,60659,2531,66,38.54,2.09
삼익THK,12000,300,-2.44%,500,37785,2520,255,13.92,5.46
한국금융지주우,42950,350,-0.81%,5000,3741,2516,,4.99,
현대일렉트릭,12350,300,-2.37%,5000,61666,2514,-1006,-1.41,-8.1
동성코퍼레이션,5500,60,-1.08%,1000,62515,2499,78,-77.46,-0.58
코스모신소재,12550,200,1.62%,1000,202236,2478,151,23.11,4.8
동화약품,8860,290,-3.17%,1000,68441,2475,112,24.61,
하이트진로홀딩스,10600,300,2.91%,5000,3271699,2460,1035,-92.17,0.22
TIGER 차이나CSI300레버리지(합성),18615,285,1.55%,0,130176,2457,,,
현대상사,18550,150,-0.80%,5000,43734,2454,505,-27.85,-0.73
조광피혁,36900,0,0.00%,5000,642,2454,150,17.97,5.51
KBSTAR 코스피,19590,45,-0.23%,0,2705,2449,,,
롯데손해보험,1820,35,-1.89%,1000,61615,2444,1213,2.68,0.68
아세아,111500,1000,0.90%,5000,1830,2443,1837,4.88,4.3
대상홀딩스,6700,30,-0.45%,1000,36069,2426,1329,10.6,1.73
하나 코스피 변동성추세 추종 양매도 ETN,9630,0,0.00%,0,22,2408,,,
대원강업,3870,80,-2.03%,500,19099,2399,422,13.77,2.12
삼양패키징,16850,100,-0.59%,5000,16794,2394,350,11.18,4.11
선진,10050,50,-0.50%,500,51153,2390,348,13.33,2.31
CJ4우(전환),56100,300,-0.53%,5000,21874,2371,,7.25,
미원상사,47000,900,-1.88%,500,2032,2366,272,11.23,9.04
TIGER 차이나CSI300,8745,90,1.04%,0,297500,2344,,,
한솔테크닉스,7290,90,1.25%,5000,295444,2341,156,-8.76,-3.92
대신증권우,9000,0,0.00%,5000,13260,2340,,5.55,
KBSTAR 단기통안채,104785,15,0.01%,0,297344,2326,,,
AJ렌터카,10500,50,-0.47%,500,50886,2325,218,61.4,0.28
티웨이항공,4950,180,-3.51%,500,547549,2325,478,5.24,
애경유화,7240,110,-1.50%,500,105396,2320,520,4.37,11.03
흥국화재,3590,50,-1.37%,5000,14038,2306,628,4.64,0.44
해태제과식품,7920,80,-1.00%,500,17372,2306,230,94.29,0.3
세방,11900,0,0.00%,500,5328,2298,114,6.3,4.48
LS전선아시아,7500,80,-1.06%,500,47061,2297,180,23.22,3.38
TIGER 200 IT,19650,75,0.38%,0,13816,2291,,,
이연제약,13650,50,0.37%,500,10924,2289,25,170.62,0.45
한국철강,4970,100,-1.97%,1000,37153,2289,254,18.83,1.36
KPX홀딩스,54000,200,-0.37%,5000,200,2281,338,62,1.01
KISCO홀딩스,12300,0,0.00%,1000,15638,2273,624,8.97,2.39
일신석재,2930,100,-3.30%,500,4241660,2269,14,586,0.52
아시아나IDT,20300,50,0.25%,500,123906,2253,158,21.39,4.66
S-Oil우,54900,400,-0.72%,2500,2270,2208,,24.81,
일성신약,82800,700,-0.84%,5000,179,2202,23,74.8,0.85
KODEX 코스닥150선물인버스,9190,75,0.82%,0,19042441,2196,,,
KBSTAR 대형고배당10TR,10005,30,0.30%,0,175,2191,,,
AJ네트웍스,4650,70,-1.48%,1000,27984,2177,-213,4.14,2.18
코오롱글로벌,8620,180,-2.05%,5000,22888,2173,768,13.49,0.67
KINDEX 베트남VN30(합성),13825,5,-0.04%,0,161291,2171,,,
휴비스,6280,110,-1.72%,5000,42713,2167,344,11.72,2.04
예스코홀딩스,36000,50,0.14%,5000,738,2160,252,30.69,0.72
유진투자증권,2195,20,-0.90%,5000,62461,2126,659,4.57,0.64
KINDEX 중국본토CSI300,22690,195,0.87%,0,15007,2110,,,
한솔홀딩스,4460,25,-0.56%,5000,124277,2104,381,-5.4,-2.79
사조산업,41450,350,-0.84%,5000,5140,2072,543,5.82,3.69
해성디에스,12100,0,0.00%,5000,24879,2057,268,9.87,6.95
코오롱플라스틱,5380,50,0.94%,1000,290055,2044,194,16.6,3.53
세아제강지주,49350,1950,-3.80%,5000,12657,2044,805,0.79,13.29
계룡건설,22850,450,-1.93%,5000,2571,2041,1537,2.29,5.71
GS글로벌,2465,5,-0.20%,2500,141950,2034,561,9.9,1.54
SG세계물산,1005,17,1.72%,500,1560111,2034,39,30.45,2.03
S&T중공업,6110,10,0.16%,2500,3623,2032,161,10.25,2.35
코오롱,16050,1500,-8.55%,5000,1075520,2027,1115,144.59,0.05
경보제약,8470,30,0.36%,500,29202,2025,173,15.43,6.15
신라교역,12650,50,0.40%,500,22229,2024,74,5.01,7.15
QV 코스피 양매도 5% OTM ETN,9995,10,0.10%,0,1,1999,,,
부국증권,19100,100,-0.52%,5000,951,1981,373,8.8,2.06
일신방직,82100,100,0.12%,5000,143,1970,299,9.26,2.44
제이에스코퍼레이션,14600,400,-2.67%,100,25240,1947,45,33.26,3.09
LS네트웍스,2460,55,-2.19%,5000,87699,1939,38,11.88,1.28
신성이엔지,1110,10,-0.89%,500,481072,1928,-42,17.9,1.95
삼영전자,9630,160,-1.63%,500,29644,1926,131,12.72,3.01
DI동일,79500,1000,-1.24%,5000,1724,1925,445,7950,1.47
성신양회,7840,200,-2.49%,5000,211636,1922,298,11.88,1.59
디피씨,4605,25,0.55%,500,369802,1919,133,17.06,6.05
인디에프,3255,95,-2.84%,500,2999444,1918,20,813.75,0.16
신세계 I&C,109500,4000,-3.52%,5000,9748,1883,149,6.44,10.98
동부건설,8980,20,-0.22%,5000,37644,1875,318,2.56,10.99
삼양통상,61600,400,-0.65%,5000,3910,1848,321,7.31,7.93
DB금융투자,4350,25,-0.57%,5000,30726,1846,864,3.4,0.77
KINDEX 단기통안채,101290,5,0.00%,0,1817,1839,,,
SIMPAC,2805,10,0.36%,500,106420,1835,102,1.92,13.02
유수홀딩스,7040,390,5.86%,2500,300519,1833,326,20.35,4.75
아남전자,2375,35,-1.45%,500,637455,1832,-120,-13.12,-9.99
세진중공업,4735,35,0.74%,500,122225,1817,84,102.93,0.49
한신공영,15650,50,0.32%,5000,6926,1811,2145,1.11,8.8
신원,2115,60,-2.76%,500,1953590,1799,15,-27.12,-1.52
알루코,2410,25,-1.03%,500,252533,1796,121,92.69,0.54
대성산업,3965,5,-0.13%,5000,43927,1794,61,-20.03,-0.62
TIGER 코스피,19600,20,-0.10%,0,42144,1793,,,
유니퀘스트,6530,10,0.15%,500,130285,1778,20,14.77,3.6
세아제강,62200,1600,-2.51%,5000,3190,1764,112,8.25,
TIGER 글로벌4차산업혁신기술(합성 H),11470,35,-0.30%,0,54607,1755,,,
한국패러랠,2190,5,-0.23%,0,9203,1752,,,
팜스코,4770,85,-1.75%,500,36408,1752,237,46.76,0.43
신한 레버리지 WTI원유 선물 ETN(H),11550,15,-0.13%,0,65756,1732,,,
현대차3우B,70600,200,0.28%,5000,2923,1715,,13.19,
이수페타시스,4130,5,-0.12%,1000,186406,1704,75,-25.18,-1.49
에이프로젠제약,793,6,-0.75%,500,1151048,1704,-8,-88.11,-0.65
STX엔진,7380,140,1.93%,2500,1646229,1698,313,7.31,3.32
동아타이어,12350,150,-1.20%,500,7901,1696,124,10.48,4.51
케이씨,12500,250,-1.96%,500,23792,1694,761,0.87,44.43
한창제지,2835,15,0.53%,500,1285367,1692,117,17.61,6.3
TIGER 중국소비테마,6370,60,-0.93%,0,12591,1659,,,
대한제강,6730,170,-2.46%,1000,58316,1659,25,-9.68,-2.52
세원셀론텍,2710,25,-0.91%,500,107155,1653,-97,-9.78,-4.96
삼익악기,1820,5,0.28%,500,4223294,1648,237,11.9,2.29
토니모리,9310,20,0.22%,200,255834,1642,-50,-21.75,-3.87
자화전자,9100,130,-1.41%,500,59665,1629,-77,-126.39,-0.32
태경산업,5570,20,-0.36%,500,26957,1628,234,13.52,2.84
KBSTAR 코스닥150,8780,45,-0.51%,0,8610,1626,,,
삼광글라스,33450,300,-0.89%,5000,1934,1624,-280,-14.06,-1.48
STX,8230,190,-2.26%,2500,698280,1624,-148,17.47,1.54
NH투자증권우,8570,10,0.12%,5000,41432,1617,,7.13,
대한제당,18250,100,-0.54%,2500,1072,1613,307,18.03,0.85
동부제철,5920,50,0.85%,5000,7919,1612,-656,-1.21,-4.53
크라운해태홀딩스,10850,100,-0.91%,500,118165,1611,415,35.69,0.83
사조동아원,1130,20,-1.74%,500,771522,1595,258,10,3.28
일진홀딩스,3230,10,-0.31%,1000,111821,1594,241,-111.38,0.08
사조대림,17150,300,-1.72%,5000,20210,1572,363,10.31,2.05
KSS해운,6750,50,-0.74%,500,12796,1565,471,7.52,2.3
HDC현대EP,4900,10,-0.20%,500,38317,1563,144,18.42,1.4
신한 레버리지 천연가스 선물 ETN(H),7785,200,-2.50%,0,216218,1557,,,
DB,773,6,-0.77%,500,329483,1555,16,-38.65,-1.64
HDC아이콘트롤스,9400,0,0.00%,500,4950,1547,147,6.38,8.57
엘브이엠씨홀딩스,2990,30,-0.99%,0,88839,1528,-148,-3.44,-7.64
동양네트웍스,1505,25,1.69%,500,422330,1523,-198,-12.44,-7.95
코스모화학,9430,90,-0.95%,5000,155117,1519,62,-9.2,-1.87
KODEX 배당가치,9470,10,0.11%,0,26,1515,,,
강남제비스코,23300,150,0.65%,1000,2567,1514,17,3.92,6.25
삼성SDI우,93400,200,0.21%,5000,5973,1511,,9.38,
현대약품,4700,220,-4.47%,500,2104061,1504,12,162.07,0.59
미래에셋 코스피 양매도 5% OTM ETN,10005,0,0.00%,0,0,1501,,,
화성산업,12050,0,0.00%,5000,16084,1500,671,3.05,8.09
이수화학,9820,230,-2.29%,5000,51974,1500,65,22.02,-0.17
대림산업우,39200,250,-0.63%,5000,2397,1490,,2.34,
티웨이홀딩스,1935,155,-7.42%,500,5098282,1484,433,5.62,8.47
KTB투자증권,2450,30,-1.21%,5000,96234,1478,371,5.13,1.86
LG우,44550,0,0.00%,5000,1344,1477,,4.2,
아모레G우,22900,250,-1.08%,500,4321,1476,,14.31,
상상인증권,1535,10,0.66%,1000,92214,1475,-114,-7.87,-1.46
NPC,4010,55,1.39%,500,65689,1472,149,14.22,3.07
샘표식품,31800,0,0.00%,500,24498,1453,215,8.08,8.96
삼성 인버스 2X 천연가스 선물 ETN,14510,350,2.47%,0,10717,1451,,,
노루홀딩스,10900,200,-1.80%,500,5376,1449,102,-17.96,0.27
서연이화,5360,40,-0.74%,500,80855,1449,111,-21.88,-0.47
SK이노베이션우,116000,1000,-0.85%,5000,1588,1448,,6.58,
쌍방울,1120,30,2.75%,500,9135790,1446,6,-1.52,-18.98
태평양물산,2895,80,-2.69%,500,120179,1445,325,14.33,1.91
삼화페인트,5450,120,2.25%,500,257620,1441,79,187.93,0.15
노루페인트,7200,50,-0.69%,500,36824,1440,227,11.56,2.13
종근당바이오,27500,150,-0.54%,2500,25934,1438,70,18.08,4.37
대성에너지,5220,20,-0.38%,1000,1528,1436,160,11.13,
BYC,229000,3000,1.33%,5000,674,1430,213,21.14,1.23
남성,3945,45,1.15%,500,2534657,1429,10,-40.67,-1.75
핸즈코퍼레이션,6520,20,0.31%,500,6618,1425,105,33.96,0.59
백산,5840,40,0.69%,500,428448,1413,215,9.26,6.14
KG케미칼,10850,250,-2.25%,5000,27169,1412,725,40.19,1.86
대동공업,5950,300,-4.80%,1000,346557,1412,52,114.42,0.2
세이브존I&C,3425,20,-0.58%,1000,6372,1406,339,5.53,4.47
이아이디,310,17,-5.20%,200,10944623,1402,-34,-8.61,-7.46
CJ제일제당 우,105500,1500,-1.40%,5000,1433,1400,,1.95,
TIGER 경기방어,9150,45,-0.49%,0,26154,1400,,,
동일산업,57700,100,-0.17%,5000,1511,1399,173,8.94,3.88
카프로,3460,0,0.00%,500,1000235,1384,156,13.78,2.24
미창석유,79500,0,0.00%,5000,935,1383,126,12.9,3.8
모나리자,3750,100,2.74%,500,9740694,1371,-25,-75,-2.29
대양금속,11100,50,-0.45%,500,71123,1367,75,52.36,5.91
진양홀딩스,2440,0,0.00%,500,12494,1364,93,128.42,0.89
삼성출판사,13600,150,1.12%,500,438681,1360,33,412.12,0.24
삼일제약,20900,200,-0.95%,1000,21082,1358,-57,-14.79,-6.04
디씨엠,11550,350,-2.94%,500,2612,1351,85,20.26,3.84
KODEX 단기변동금리부채권액티브,101135,10,0.01%,0,1000,1351,,,
한국공항,42600,50,0.12%,5000,2656,1349,247,7.16,4.48
신한 인버스 2X 천연가스 선물 ETN(H),6740,190,2.90%,0,32437,1348,,,
미래산업,212,9,-4.07%,100,38434253,1346,-114,-10.1,-17.38
제주은행,4185,40,-0.95%,5000,7642,1345,358,3.6,0.48
보해양조,1130,30,-2.59%,500,6389307,1344,-110,-3.91,-13.33
동양철관,1130,25,-2.16%,500,586063,1343,-40,-17.12,-4.19
남영비비안,19500,1300,7.14%,1000,1450145,1339,-39,-21.26,-4.2
유화증권,11800,0,0.00%,5000,5834,1338,56,29.14,0.95
마니커,843,13,-1.52%,500,6375805,1336,5,-9.69,-5.05
텔코웨어,13700,100,-0.72%,500,10904,1329,60,20.95,5.18
KEC,1135,0,0.00%,500,632944,1325,33,87.31,0.49
현대비앤지스틸,8780,30,0.34%,5000,19103,1324,350,6.86,3.27
모나미,6930,1030,17.46%,1000,25116876,1310,69,216.56,0.45
S&TC,17150,100,0.59%,500,28079,1287,-19,70.58,0.63
한국화장품,7990,80,1.01%,500,470503,1284,-75,-16.58,-7.97
파워 200,26110,5,-0.02%,0,10101,1279,,,
디와이,4860,10,-0.21%,500,30172,1279,463,21.41,3.06
고려개발,4200,0,0.00%,5000,0,1278,400,221.05,0.1
코스맥스비티아이,13300,300,-2.21%,500,9989,1277,241,13.43,1.55
인천도시가스,29050,50,-0.17%,5000,661,1271,180,7.88,
대영포장,1170,20,-1.68%,500,766610,1268,95,11.82,4.98
성창기업지주,1815,55,-2.94%,500,61199,1266,-86,-16.06,-1.22
웰바이오텍,3000,130,-4.15%,500,481723,1266,-85,-3.83,-16.46
광전자,2160,40,1.89%,500,152404,1252,25,19.12,2.53
대한화섬,94100,2200,-2.28%,5000,54,1250,22,2.82,7.75
한국ANKOR유전,1770,10,0.57%,0,10997,1239,,,
대성홀딩스,7690,100,1.32%,1000,5930,1237,184,6.33,2.14
대호에이엘,4555,65,-1.41%,500,243052,1236,22,162.68,0.86
유니온머티리얼,2930,165,5.97%,500,4564389,1231,5,-14.02,-6.24
샘표,42650,900,2.16%,1000,155807,1227,197,9.54,6.72
경동도시가스,26000,100,-0.38%,2500,3389,1226,427,3.6,4.59
화승알앤에이,1885,15,-0.79%,500,34583,1217,539,-3.62,-2.67
CJ씨푸드,3380,10,-0.29%,500,5084440,1214,41,56.33,1.75
일동홀딩스,11000,50,0.46%,1000,2653,1210,-7,-32.54,-1.42
한국화장품제조,26650,350,1.33%,500,489451,1208,48,36.41,4.69
디와이파워,10850,300,-2.69%,500,75906,1198,358,4.7,9.93
우진,6080,580,-8.71%,500,3600455,1183,-11,-14.48,-3.59
코리아써키트,4990,60,-1.19%,500,6368,1179,-179,-3.82,-5.27
삼성제약,2010,40,-1.95%,500,76940,1178,-48,-51.54,-1.32
백광산업,2620,30,1.16%,500,127607,1177,285,5.04,8.4
극동유화,3375,20,-0.59%,500,28169,1177,186,7.23,5.94
KODEX 골드선물(H),10735,70,-0.65%,0,239996,1170,,,
SH에너지화학,1045,5,0.48%,500,704298,1161,21,49.76,1.64
벽산,1690,45,-2.59%,500,300371,1159,99,14.7,1.82
지투알,6990,10,-0.14%,1000,4803,1158,254,6.33,3.03
TIGER 200선물레버리지,8095,30,-0.37%,0,571316,1158,,,
한라,2975,45,-1.49%,5000,30689,1157,602,-11.49,-0.6
보락,1920,5,-0.26%,200,323343,1150,13,106.67,2.1
제이준코스메틱,4325,90,-2.04%,500,187156,1147,71,-92.02,
카리스국보,5700,390,-6.40%,500,1478887,1143,-53,-25,-6.59
효성ITX,9870,30,-0.30%,500,7118,1141,113,16.31,5.6
신일산업,1605,0,0.00%,500,1291075,1140,148,9.79,12.44
대현,2570,50,1.98%,500,110211,1138,179,7.76,5.92
TIGER 미국S&P500선물(H),34505,120,0.35%,0,77705,1130,,,
삼호개발,4510,45,-0.99%,500,39304,1128,244,5.42,7.74
세아특수강,13150,100,0.77%,5000,5913,1127,197,10.1,2.15
한국내화,4925,185,-3.62%,500,174710,1126,115,15.73,3.41
유니켐,1730,40,-2.26%,500,402231,1124,132,8.83,11.08
무림페이퍼,2695,10,-0.37%,2500,52660,1121,1241,3.24,3.13
KBSTAR 코스닥150선물레버리지,6390,125,-1.92%,0,50808,1120,,,
KODEX KRX300,11685,15,-0.13%,0,6327,1110,,,
삼성물산우B,68000,600,0.89%,100,2900,1107,,7.6,
삼원강재,2760,20,-0.72%,500,10438,1104,131,9.26,4.78
대창,1200,30,-2.44%,500,1597721,1094,173,11.11,2.19
황금에스티,7780,70,-0.89%,500,63971,1089,240,7.5,4.49
한전산업,3340,5,0.15%,500,14797,1089,142,8.98,7.95
대한방직,20500,0,0.00%,1000,2698,1086,-134,6.79,5.1
남광토건,11050,150,-1.34%,5000,22309,1086,111,18.99,3.63
코오롱머티리얼,1575,10,-0.63%,1000,95610,1081,-327,-0.97,-31.56
일진디스플,3805,5,0.13%,500,64591,1077,2,64.49,1.02
HSD엔진,3265,80,-2.39%,1000,114681,1076,-353,-8.48,-1.89
부산산업,101500,1500,-1.46%,5000,9662,1072,45,35.39,2.82
써니전자,3330,45,1.37%,500,1283606,1072,6,26.43,7.98
비티원,3180,60,-1.85%,500,95912,1070,9,45.43,8.83
대신 골드 커버드콜 타겟 5%인컴 ETN(H),10695,40,-0.37%,0,5216,1070,,,
테이팩스,22600,500,2.26%,500,27625,1066,75,20.91,3.19
현대코퍼레이션홀딩스,11700,300,-2.50%,5000,14595,1065,79,23.88,1.93
기신정기,3635,5,-0.14%,500,8883,1061,103,7.04,6.2
삼성전기우,36400,350,-0.95%,5000,2114,1058,,4.3,
일진전기,2840,40,-1.39%,1000,27487,1053,52,-7.28,-1.88
조선선재,83200,600,-0.72%,500,867,1046,136,8.9,10.36
한화갤러리아타임월드,17400,250,-1.42%,5000,4941,1044,8,10.94,2.03
DRB동일,5230,20,0.38%,500,2949,1042,270,17.67,1.58
크라운제과,8270,60,-0.72%,200,43320,1036,203,8.04,4.14
휴니드,7290,180,2.53%,5000,1220551,1029,300,4.75,11.41
삼성 KTOP30 ETN,10285,15,0.15%,0,115211,1028,,,
비상교육,7890,60,-0.75%,500,10576,1025,103,41.97,0.91
신세계건설,25550,400,-1.54%,5000,3562,1022,218,2.37,6
백광소재,3695,35,0.96%,500,692830,1019,88,26.02,2
명문제약,4150,95,-2.24%,500,147562,1018,49,103.75,0.14
천일고속,71200,1200,1.71%,5000,1664,1018,-32,-491.03,-0.28
삼화전기,15300,300,-1.92%,1000,65990,1012,70,18.11,5.36
KBSTAR 단기국공채액티브,101695,15,-0.01%,0,156021,1010,,,
세종공업,4465,35,0.79%,500,99809,1007,2,-4.68,-2.19
삼화왕관,46500,950,-2.00%,5000,2268,1002,108,10.18,5.82
대유에이텍,928,1,-0.11%,500,106370,992,67,-3.26,-4.51
TIGER 200선물인버스2X,8565,15,0.18%,0,1091308,985,,,
호전실업,12300,750,6.49%,500,9251,984,108,22.16,1.61
영흥철강,1145,20,-1.72%,500,140603,983,-17,-18.77,-1.76
포스코강판,16350,300,-1.80%,5000,4983,981,178,8.65,2.45
디아이,3110,40,-1.27%,500,39127,980,215,9.42,7.13
금강공업,4010,25,-0.62%,1000,206529,979,253,6.91,1.85
큐로,731,6,-0.81%,500,154757,978,-154,-5.54,-8.1
신영와코루,108500,1000,-0.91%,5000,14,976,8,36.05,0.81
지엠비코리아,5100,120,-2.30%,500,46409,973,41,728.57,-0.15
오리엔트바이오,425,6,-1.39%,500,740752,971,-101,-3.94,-22.02
한솔홈데코,1195,5,-0.42%,1000,197161,963,92,8.24,3.81
계양전기,2950,0,0.00%,500,23108,962,87,10.5,3.62
KODEX 국고채3년,57185,30,-0.05%,0,1192,961,,,
한창,2750,95,-3.34%,500,1065442,957,46,-59.78,1.47
TIGER 200TR,13095,15,-0.11%,0,32,956,,,
금양,2170,20,-0.91%,500,17548,956,135,4.63,10.11
대우부품,2000,40,-1.96%,500,299450,953,21,83.33,1.69
화신,2720,20,0.74%,500,19970,950,-211,-1.66,-6.82
성보화학,4735,0,0.00%,500,3527,948,3,15.47,3.33
KR모터스,500,4,-0.79%,500,397260,947,-163,-2.65,-18.56
웅진,1275,20,-1.54%,500,80868,946,-842,-0.91,-12.55
CJ우,41500,200,-0.48%,5000,6997,938,,5.36,
퍼스텍,1995,15,-0.75%,500,194244,933,-224,-2.62,-21.51
신한 코스피 콘도르 4/10% ETN,9320,0,0.00%,0,0,932,,,
조비,17950,550,-2.97%,5000,23555,932,19,280.47,0.35
한미글로벌,8490,30,-0.35%,500,45455,930,110,13.31,3.78
대림씨엔에스,7300,60,-0.82%,1000,2541,929,37,-12.63,-2.1
KB 코스피 마운틴 ETN,9290,0,0.00%,0,0,929,,,
한양증권,7260,20,-0.27%,5000,12253,924,56,20.68,0.26
화인베스틸,3120,65,-2.04%,500,114880,922,63,47.27,0.89
깨끗한나라,2475,105,4.43%,1000,1239836,922,-292,-2.75,-5.74
다스코,5980,170,-2.76%,500,60635,921,194,5.07,8.29
신흥,9590,30,0.31%,500,511,921,11,30.16,2.31
방림,2170,0,0.00%,500,2561,918,19,30.56,1.2
우신시스템,5010,60,-1.18%,500,5732,918,-11,-23.09,-1.38
우성사료,2960,40,-1.33%,500,208406,915,-41,-22.09,-1.58
HANARO 단기통안채,101610,0,0.00%,0,0,914,,,
사조씨푸드,5280,150,-2.76%,1000,179207,909,172,7.2,3.41
한국제지,18150,550,-2.94%,5000,3460,908,-145,-2.64,-4.31
미원홀딩스,38900,200,0.52%,500,761,907,36,9.36,5.05
TIGER 코스닥150 레버리지,6895,125,-1.78%,0,654361,903,,,
금호석유우,29650,50,0.17%,5000,6369,896,,2.02,
엔케이,1120,15,-1.32%,500,103576,896,-232,-3,-13.14
화천기공,40600,100,0.25%,5000,9444,893,86,7.06,3.39
TIGER 헬스케어,24255,270,-1.10%,0,4251,893,,,
동양물산,1365,40,-2.85%,500,277506,893,-54,-11.97,-4.07
조흥,148500,1000,-0.67%,5000,28,891,114,11.09,4.42
동성화학,16650,150,-0.89%,1000,6850,888,68,15.22,2.87
KBSTAR 중기우량회사채,105385,80,-0.08%,0,352,885,,,
STX중공업,3150,610,24.02%,2500,3759674,885,-145,-0.18,-15.97
광명전기,2040,35,-1.69%,500,114899,884,33,34,1.79
KC그린홀딩스,3940,85,-2.11%,500,65300,884,133,6.9,3.15
KOSEF 통안채1년,102555,25,0.02%,0,9954,882,,,
세화아이엠씨,2990,0,0.00%,500,0,879,-270,-1.99,-21.22
KCTC,2925,95,-3.15%,500,42634,878,150,12.19,1.95
KTcs,2055,15,-0.72%,500,44197,877,125,7.75,3.26
새론오토모티브,4565,85,-1.83%,500,1911,876,95,11.86,2.77
대유플러스,832,0,0.00%,500,196972,876,364,30.81,1.96
미원화학,39800,50,0.13%,1000,58,872,86,11.8,7.62
동방아그로,6400,50,-0.78%,500,7010,872,68,14.22,3.37
동남합성,24050,400,-1.64%,500,687,871,80,14.81,6.43
한진중공업홀딩스,2940,60,-2.00%,5000,9105,868,277,9.61,-0.01
ARIRANG 코스피50,17410,10,0.06%,0,60046,862,,,
금호에이치티,3715,5,-0.13%,500,26509,855,105,4.85,4.01
진원생명과학,3890,100,-2.51%,1000,74272,853,-113,-6.92,-25.07
이건산업,7740,160,-2.03%,5000,36205,848,237,12.15,1.49
SG충방,1865,0,0.00%,500,137509,839,52,25.9,1.64
삼부토건,674,21,-3.02%,1000,301993,836,-94,-1.37,-12.82
KODEX MSCI Korea,12020,0,0.00%,0,0,829,,,
KODEX 200 중소형,8365,35,-0.42%,0,179,828,,,
삼정펄프,33050,400,-1.20%,5000,602,826,-43,-472.14,-0.09
대신증권2우B,8220,30,0.37%,5000,10111,822,,5.06,
KC코트렐,6290,80,-1.26%,500,65901,818,37,19.66,1.1
대교우B,4185,5,0.12%,500,1612,813,,23.12,
서연,3455,30,-0.86%,500,38207,811,70,-4.56,-1.58
세원정공,8090,0,0.00%,500,0,809,-220,-12.45,-2.22
넥스트사이언스,3410,90,-2.57%,500,225254,801,-40,-6.25,
고려산업,3205,20,-0.62%,1000,1096023,799,58,20.28,1.87
상신브레이크,3680,5,0.14%,500,20182,790,207,9.63,2.4
사조오양,8350,110,-1.30%,5000,556809,787,125,9.88,2.61
두올,2895,55,-1.86%,2500,191742,784,307,6.8,4.38
휴스틸,10250,100,-0.97%,5000,7139,781,179,4.34,2.72
경동인베스트,33000,200,0.61%,5000,3348,780,392,2.86,5.01
대원전선,1145,10,-0.87%,500,299966,780,43,63.61,0.6
대창단조,38200,100,-0.26%,5000,1830,764,139,6.36,5.6
KOSEF 국고채10년,129470,285,-0.22%,0,3289,764,,,
KTis,2180,0,0.00%,500,29258,759,90,9.6,3.49
유니온,4845,215,4.64%,500,1376148,756,-7,-1.99,-18.02
수출포장,18900,200,1.07%,5000,3269,756,231,4.37,5.78
동양고속,26050,150,-0.57%,5000,340,754,30,58.41,0.67
두산2우B,76400,0,0.00%,5000,16,753,,-15.99,
인지컨트롤스,4950,170,-3.32%,500,154255,750,111,25.13,0.22
SK우,132500,0,0.00%,200,261,750,,4.17,
시디즈,37350,50,0.13%,500,1767,747,43,18.59,8.43
수산중공업,1370,30,-2.14%,500,143037,740,4,11.14,4.22
국제약품,3975,90,-2.21%,1000,68065,731,33,33.4,1.69
한익스프레스,6060,50,-0.82%,500,58217,727,89,13.74,2.72
메타랩스,1390,20,1.46%,500,405062,727,-88,-4.22,-17.91
삼성 레버리지 WTI원유 선물 ETN,14520,20,0.14%,0,7158,726,,,
삼성공조,8910,30,-0.34%,500,2672,724,-11,11.56,2.42
TIGER 코스피중형주,10545,0,0.00%,0,0,722,,,
조광페인트,5630,50,-0.88%,500,10274,721,1,-18.46,-1.37
ARIRANG 코스피TR,9440,10,0.11%,0,405,717,,,
부국철강,3580,35,-0.97%,500,130300,716,9,34.42,1.64
TIGER 미국나스닥100,42060,375,0.90%,0,15196,715,,,
KBSTAR 국고채3년,113490,85,-0.07%,0,28,715,,,
동일고무벨트,5350,90,-1.65%,500,19446,714,121,6.94,3.7
가온전선,16900,450,-2.59%,5000,3092,703,52,734.78,0.02
티에이치엔,3900,10,-0.26%,500,135169,702,112,13.93,2.28
만호제강,16900,200,-1.17%,1000,652,701,20,26.24,1.07
엔케이물산,838,38,-4.34%,500,1339334,700,-12,-4.55,-26.02
화천기계,3175,345,12.19%,500,14970308,698,-31,-102.42,-0.42
유성기업,2690,0,0.00%,500,19967,698,18,18.94,1.34
콤텍시스템,1440,30,-2.04%,500,740958,689,32,9.66,6.2
CS홀딩스,59000,400,0.68%,5000,276,681,133,10.86,4.17
TBH글로벌,3265,170,5.49%,500,1147743,681,-12,-1.18,-23.19
영풍제지,3065,40,-1.29%,500,21735,680,181,4.75,10.73
우리들제약,5850,140,-2.34%,500,36110,677,50,15.04,5.39
영보화학,3370,15,-0.44%,500,39497,674,72,11.74,3.19
그린케미칼,3370,15,-0.44%,500,4547,674,34,26.75,1.31
갤럭시아에스엠,2425,90,-3.58%,500,849514,668,-103,-4.17,-38.52
대림B&Co,3975,70,-1.73%,1000,13195,663,74,15.77,1.29
KBSTAR 200IT,8830,35,0.40%,0,1161,660,,,
평화산업,1200,10,0.84%,500,164855,659,-160,-1.18,-24.72
에넥스,1090,35,-3.11%,500,863750,654,9,47.39,0.71
YG PLUS,1120,45,-3.86%,500,219858,652,8,-560,-1.01
일성건설,1205,70,-5.49%,500,381828,651,99,26.78,0.79
유유제약,10200,100,0.99%,1000,14513,650,53,19.47,3.36
DSR,4050,10,-0.25%,500,24965,648,99,8.2,3.54
디아이씨,2695,105,-3.75%,500,201953,646,226,-9.07,-0.85
미래에셋대우우,4580,15,-0.33%,5000,7606,645,,7.95,
서울식품,191,1,-0.52%,100,2819460,644,11,95.5,0.81
컨버즈,3260,0,0.00%,500,0,641,-141,-3.2,-20.14
한국석유,97400,1300,-1.32%,5000,1791,638,83,14.5,1.45
금비,63800,200,-0.31%,5000,93,638,127,9.29,4.07
NI스틸,2230,5,0.22%,500,66879,638,165,6.23,4.12
KBSTAR KRX300,11790,10,-0.08%,0,1495,637,,,
SMART KRX300,11750,20,-0.17%,0,10126,634,,,
KODEX 은행,6420,25,-0.39%,0,45479,632,,,
인터지스,2120,60,-2.75%,500,49329,631,94,-4.67,-2.89
삼성 레버리지 천연가스 선물 ETN,8400,175,-2.04%,0,59006,630,,,
KBSTAR 중장기국공채액티브,104690,95,-0.09%,0,8,628,,,
영화금속,1375,10,0.73%,500,413228,625,11,59.78,0.53
GS우,35000,50,-0.14%,5000,3737,625,,3.67,
신한 S&P500 VIX S/T 선물 ETN B,20665,105,0.51%,0,34597,620,,,
우진아이엔에스,8120,230,-2.75%,500,33041,619,180,3.74,13.14
DSR제강,4265,45,-1.04%,500,23336,614,62,8.31,3.68
페이퍼코리아,682,1,0.15%,500,190306,613,22,-0.98,-6.09
메디파트너생명공학,9450,340,-3.47%,500,219603,610,-83,-4.62,-56.73
KBSTAR KQ고배당,9825,5,-0.05%,0,487,609,,,
대림통상,4000,15,0.38%,1000,752,609,-11,-54.05,-0.57
제일연마,6090,210,-3.33%,500,7895,609,56,11.32,5.42
한농화성,3880,30,-0.77%,500,16188,607,57,10.35,3.58
키다리스튜디오,3635,35,-0.95%,500,165583,596,3,363.5,0.73
윌비스,1045,0,0.00%,1000,72376,596,34,-8.93,-2.16
대구백화점,5500,100,-1.79%,5000,1418,595,-184,-1.99,-4.17
참엔지니어링,1180,75,-5.98%,500,246673,595,137,6.02,1.89
동양피스톤,4500,105,-2.28%,500,29610,593,174,5.15,3.81
태경화학,5090,110,-2.12%,500,222004,590,32,20.28,2.49
KOSEF 코스닥150,4395,35,-0.79%,0,52,585,,,
KODEX 증권,6310,25,-0.39%,0,70857,584,,,
선창산업,4620,0,0.00%,1000,2659,582,-71,-7.42,-1.48
혜인,4555,130,-2.77%,500,218615,579,62,-198.04,-0.33
한세엠케이,4475,5,0.11%,500,59158,578,24,14.44,1.91
KODEX 고배당,7780,35,-0.45%,0,5058,576,,,
KODEX Fn성장,9750,0,0.00%,0,21,575,,,
TIGER 차이나HSCEI,13045,175,1.36%,0,1873,574,,,
이구산업,1710,5,-0.29%,500,78226,572,-1,-21.65,-0.99
선도전기,3175,35,-1.09%,500,73211,572,11,-70.56,-0.53
TCC스틸,2550,5,0.20%,1000,61183,570,171,5.84,3.34
대원화성,1380,30,-2.13%,500,42043,569,52,21.23,2.13
평화홀딩스,3880,85,-2.14%,500,10020,567,-248,-1.43,-12.66
동방,1680,25,-1.47%,1000,103711,562,142,3.78,2.88
까뮤이앤씨,1245,35,2.89%,500,234235,562,41,31.92,1.23
KODEX 은선물(H),3805,5,-0.13%,0,124557,559,,,
진양화학,4615,125,-2.64%,500,126977,554,-6,-164.82,-0.82
롯데칠성우,71200,500,-0.70%,500,118,552,,-12.99,
부국증권우,18350,0,0.00%,5000,76,550,,8.46,
KBSTAR 고배당,9150,15,-0.16%,0,64,549,,,
문배철강,2670,20,-0.74%,500,50084,547,33,10.99,3.22
KODEX 중국본토CSI300,10135,100,1.00%,0,6321,547,,,
코오롱인더우,19750,50,-0.25%,5000,1939,547,,8.78,
베트남개발1,422,2,-0.47%,0,68669,546,,,
한신기계,1670,20,-1.18%,500,321007,542,48,16.21,3.7
덕성,3450,115,-3.23%,500,336403,541,-23,-29.24,-1.96
TIGER 국채3년,111540,130,-0.12%,0,40,535,,,
신송홀딩스,4460,40,0.90%,500,124145,528,-30,-3.79,-5.98
조일알미늄,750,5,-0.66%,500,66924,526,-82,-5,-3.02
한국프랜지,1725,0,0.00%,1000,49639,525,20,35.2,-0.16
서원,1100,20,-1.79%,500,291778,522,86,7.43,3.26
케이비아이동국실업,789,9,-1.13%,500,48238,521,-121,-4.38,-1.81
KODEX 중국본토 A50,17880,225,1.27%,0,11644,519,,,
KINDEX S&P아시아TOP50,10465,105,1.01%,0,1582,518,,,
KB KQ 우량주30 ETN,10210,65,-0.63%,0,1,510,,,
미래에셋 양매도 5% Auto-KO-C 2205-01 ETN,9970,0,0.00%,0,0,498,,,
신한 인버스 2X WTI원유 선물 ETN(H),4920,5,0.10%,0,120881,492,,,
삼성 코스피 풋매도 ETN,9815,0,0.00%,0,0,491,,,
KB 코스피 양매도 5% OTM ETN,9795,0,0.00%,0,0,490,,,
TRUE 코스피 양매도 ATM ETN,9780,0,0.00%,0,0,489,,,
KB KTOP30 ETN,9710,0,0.00%,0,0,486,,,
폴루스바이오팜,1225,0,0.00%,500,0,482,-96,-1.57,-22.23
우리들휴브레인,1980,20,-1.00%,500,77971,481,-66,-3.73,-24.67
TRUE 코스피 양매도 3% OTM ETN,9620,0,0.00%,0,0,481,,,
TIGER KRX300,11675,10,-0.09%,0,2476,479,,,
삼아알미늄,4345,75,-1.70%,500,32170,478,55,17.24,
세우글로벌,1660,20,-1.19%,500,176175,476,5,75.45,1.26
ARIRANG 코스피,19825,15,-0.08%,0,2149,476,,,
유한양행우,200500,500,0.25%,5000,35,474,,45.39,
지코,817,7,0.86%,500,439487,472,25,16.02,4.84
한일철강,2105,30,-1.41%,500,37280,470,-21,-6.08,-2.6
QV WISE 배당 ETN,9360,0,0.00%,0,0,468,,,
유엔젤,3530,20,-0.56%,500,22255,466,30,26.15,3.59
SJM,2980,10,0.34%,500,6135,465,7,11.16,1.84
QV Big Vol ETN,9240,0,0.00%,0,0,462,,,
롯데지주우,46650,400,-0.85%,200,5158,461,,26.72,
MH에탄올,6160,40,-0.65%,500,9889,455,12,-76.05,-2.56
흥아해운,466,0,0.00%,500,96940,454,-376,-0.42,-10.32
KODEX 200가치저변동,7560,5,-0.07%,0,2850,454,,,
이화산업,16150,150,0.94%,5000,135,452,5,-42.06,-0.58
한국특수형강,1395,10,-0.71%,500,20157,451,45,-4.51,-1.67
신한 레버리지 다우존스지수 선물 ETN(H),22525,260,1.17%,0,12699,450,,,
SJM홀딩스,3015,5,-0.17%,500,7112,450,18,14.64,2.12
동원수산,9610,300,-3.03%,5000,607315,447,50,25.03,1.37
바다로19호,2940,0,0.00%,5000,7187,447,22,6.04,15.53
형지엘리트,1410,20,-1.40%,500,79179,439,-12,-5.02,-4.07
진도,3495,10,-0.29%,500,7571,435,73,7.78,3.51
세하,1470,10,0.68%,1000,46945,435,100,8.17,3.02
유화증권우,12400,50,-0.40%,5000,5,433,,30.62,
국동,1570,20,1.29%,500,456464,433,57,8.49,2.58
신풍제지,1230,5,0.41%,500,90956,430,122,4.92,5.4
한국종합기술,3925,15,-0.38%,500,27512,430,-62,-6.48,-2.89
TIGER 원유선물Enhanced(H),3890,10,0.26%,0,41079,428,,,
KINDEX 코스피,19695,45,-0.23%,0,10034,423,,,
TIGER 200동일가중,8640,0,0.00%,0,0,423,,,
KODEX 미국S&P500선물(H),14030,30,0.21%,0,23644,421,,,
진양산업,3235,15,-0.46%,500,50050,421,30,17.49,4.94
KODEX China H,20970,160,0.77%,0,1487,419,,,
KOSEF 단기자금,102085,0,0.00%,0,6666,419,,,
TIGER 차이나CSI300인버스(합성),11275,120,-1.05%,0,53780,417,,,
코아스,1340,15,-1.11%,500,1516753,414,12,-268,-0.16
대동전자,3935,35,0.90%,500,7459,413,-2,12.69,2.06
주연테크,385,1,-0.26%,100,534362,411,-15,-7.86,-8.75
KODEX TRF3070,10240,20,0.20%,0,118544,410,,,
TIGER 미국MSCI리츠(합성 H),13935,85,0.61%,0,12506,404,,,
성문전자,2070,70,-3.27%,500,35508,403,8,207,0.45
WISCOM,2630,30,-1.13%,500,6069,403,-3,38.12,0.82
동일제강,2685,10,0.37%,500,19365,403,-3,298.33,0.09
케이탑리츠,890,13,1.48%,1000,750349,401,72,12.03,1.9
KBSTAR 국채선물10년,57740,170,-0.29%,0,661,398,,,
원림,18100,200,1.12%,5000,1708,398,20,-44.69,0.31
HANARO 코스닥150,8790,75,-0.85%,0,832,397,,,
하이스틸,19750,50,-0.25%,5000,6225,395,-52,-5.52,-2.99
체시스,1645,0,0.00%,500,187008,395,-3,-21.64,-2.08
인팩,3940,150,3.96%,500,26075,394,32,23.73,0.81
동원금속,830,6,0.73%,500,51470,388,-135,-1.7,-4.54
KBSTAR 중국본토대형주CSI100,16800,230,1.39%,0,6123,386,,,
삼성 레버리지 China A50 선물 ETN(H),38485,1035,2.76%,0,3900,385,,,
미래아이앤지,297,3,-1.00%,100,158126,385,-14,-3.54,-17.16
덕양산업,1180,20,-1.67%,500,55493,384,36,-196.67,-0.47
미래에셋 미국 항공우주 ETN(H),19180,95,0.50%,0,9124,384,,,
미래에셋 레버리지 S&P500 ETN(H),19170,135,0.71%,0,500,383,,,
태양금속,1040,5,-0.48%,500,38240,382,72,-7.76,-1.41
KODEX 필수소비재,7845,45,-0.57%,0,117,377,,,
KOSEF 국고채3년,112955,55,-0.05%,0,219,373,,,
TIGER 미국채10년선물,11965,15,-0.13%,0,24038,371,,,
TIGER 로우볼,10690,85,-0.79%,0,1141,370,,,
TIGER 중장기국채,54330,130,-0.24%,0,13888,369,,,
범양건영,1480,45,-2.95%,1000,75244,368,68,6.67,4.48
TIGER 유로스탁스50(합성 H),11425,5,0.04%,0,12893,366,,,
TIGER 농산물선물Enhanced(H),4455,15,0.34%,0,1424,365,,,
우진플라임,3650,10,0.27%,500,6393,365,-118,-2.69,-4.53
호텔신라우,48350,2400,5.22%,5000,24658,364,,17.53,
HANARO 200선물인버스,16905,25,0.15%,0,103,363,,,
TIGER 인버스,8055,0,0.00%,0,58564,362,,,
한성기업,5880,150,2.62%,5000,72784,360,8,-12.54,-1.2
KBSTAR 200선물레버리지,9725,20,-0.21%,0,2689,360,,,
에쓰씨엔지니어링,1415,15,1.07%,500,76758,354,10,2.5,13.78
하이골드12호,2700,5,-0.18%,5000,38758,352,24,14.84,6.29
TIGER 우량가치,9905,50,-0.50%,0,804,348,,,
신한,4945,0,0.00%,5000,0,347,230,-24.48,-1.02
한국전자홀딩스,737,2,0.27%,500,49504,345,32,-147.4,0.27
ARIRANG 단기유동성,110790,0,0.00%,0,0,342,,,
한솔로지스틱스,1245,35,-2.73%,500,77323,342,39,18.58,1.33
삼영화학,1005,40,-3.83%,500,47883,342,-63,-4.95,-7.17
KODEX China H 레버리지(H),6930,80,1.17%,0,21036,340,,,
KBSTAR 200선물인버스2X,8485,0,0.00%,0,172199,339,,,
KINDEX 중장기국공채액티브,103695,65,-0.06%,0,25,338,,,
TIGER 코스피대형주,9465,25,-0.26%,0,1,336,,,
TIGER 레버리지,10005,10,-0.10%,0,59496,330,,,
한솔PNS,1590,105,-6.19%,500,807374,326,50,9.09,3.71
TIGER 코스피고배당,10845,40,-0.37%,0,107,322,,,
KBSTAR 중소형고배당,8540,40,-0.47%,0,40,320,,,
대신 철광석 선물 ETN(H),15870,820,5.45%,0,1144,317,,,
경인전자,20200,50,-0.25%,5000,3016,317,-17,-46.65,-1.16
미래에셋 전기전자 Core5 ETN,15850,70,0.44%,0,2,317,,,
대신 2X 니켈선물 ETN(H),15695,15,-0.10%,0,4091,314,,,
에이엔피,376,17,-4.33%,500,364763,311,-47,-3.88,-4.84
신한 다우존스지수 선물 ETN(H),15445,55,0.36%,0,89,309,,,
남양유업우,183000,2000,-1.08%,5000,30,305,,80.51,
KOSEF 미국달러선물,12745,50,0.39%,0,28992,305,,,
신한 레버리지 은 선물 ETN(H),7600,70,-0.91%,0,40417,304,,,
QV 하드웨어 TOP5 ETN,15190,0,0.00%,0,0,304,,,
태원물산,3980,75,-1.85%,500,28579,302,0,84.68,0.9
삼성 미국 대형 성장주 ETN,14965,125,0.84%,0,1,299,,,
LG하우시스우,28950,0,0.00%,5000,348,299,,-5.45,
키위미디어그룹,150,0,0.00%,500,0,296,-132,-0.99,-21.83
미래에셋 미국 대형주 ETN(H),14785,25,-0.17%,0,44,296,,,
TIGER 소프트웨어,7960,25,-0.31%,0,4746,293,,,
ARIRANG KRX300,11700,0,0.00%,0,91,292,,,
ARIRANG 신흥국MSCI(합성 H),9880,0,0.00%,0,7197,292,,,
삼화전자,2795,5,-0.18%,1000,29688,292,-32,-6.65,-6.76
SK케미칼우,19950,50,-0.25%,5000,3161,291,,43.18,
삼성 China A50 선물 ETN(H),14395,0,0.00%,0,0,288,,,
HANARO 200선물레버리지,11640,25,-0.21%,0,16565,285,,,
삼성 Alerian 에너지인프라 MLP ETN,9505,0,0.00%,0,0,285,,,
삼성 미국 대형 성장주 ETN(H),14225,0,0.00%,0,0,284,,,
성안,498,9,-1.78%,500,85028,283,-107,-2.78,-4.34
웅진에너지,914,0,0.00%,5000,0,283,-561,-0.24,-38.93
BYC우,131000,1500,1.16%,5000,1383,282,,12.09,
하이골드3호,1745,5,0.29%,5000,37209,282,40,7.09,10.59
신한 인버스 옥수수 선물 ETN(H),14055,25,0.18%,0,4,281,,,
KOSEF 미국달러선물레버리지,10100,55,0.55%,0,34523,280,,,
미래에셋 미국 중형주 ETN(H),13950,0,0.00%,0,0,279,,,
ARIRANG 단기채권액티브,104285,5,0.00%,0,2927,277,,,
KODEX 200동일가중,8600,25,-0.29%,0,12,275,,,
삼성 Cushing 에너지인프라 MLP ETN,9140,0,0.00%,0,0,274,,,
ARIRANG 고배당저변동50,9385,60,-0.64%,0,1888,272,,,
TIGER 일본TOPIX(합성 H),12320,50,-0.40%,0,1426,271,,,
KOSEF 미국달러선물 인버스2X(합성),8040,50,-0.62%,0,11628,271,,,
TIGER 모멘텀,19040,20,-0.10%,0,119,270,,,
QV 레버리지 S&P500 ETN,13480,70,0.52%,0,24,270,,,
TIGER 단기선진하이일드(합성 H),11700,20,0.17%,0,2095,269,,,
KINDEX 삼성그룹섹터가중,9090,40,0.44%,0,21,264,,,
미래에셋 원자재 선물 ETN(H),8765,0,0.00%,0,0,263,,,
신한 인버스 콩 선물 ETN(H),13035,20,0.15%,0,109,261,,,
TIGER 2차전지테마,7435,115,1.57%,0,31256,260,,,
QV 소프트웨어 TOP5 ETN,12995,0,0.00%,0,0,260,,,
TIGER 부동산인프라고배당,5045,15,-0.30%,0,414343,260,,,
넥센타이어1우B,3985,0,0.00%,500,507,259,,4.01,
KODEX 삼성그룹밸류,6640,20,0.30%,0,1,259,,,
전방,15400,50,-0.32%,5000,2821,259,-87,-1.11,-5.98
신화실업,21250,100,-0.47%,5000,2016,258,13,39.72,0.95
TIGER 미국다우존스30,16120,80,0.50%,0,3315,258,,,
미래에셋 미국 고배당주 ETN(H),12880,0,0.00%,0,0,258,,,
미래에셋 호주 ASX200 ETN(H),12835,0,0.00%,0,0,257,,,
미래에셋 미디어엔터 Core5 ETN,12800,0,0.00%,0,0,256,,,
이스타코,597,18,3.11%,500,91802,256,-27,-6.15,-6.2
하이골드8호,1715,10,-0.58%,5000,10977,256,28,8.45,7.66
삼성 미국 대형 가치주 ETN,12725,0,0.00%,0,0,254,,,
신한 인버스 천연가스 선물 ETN(H),12685,0,0.00%,0,0,254,,,
TIGER 미국S&P500선물인버스(H),6560,30,-0.46%,0,214679,253,,,
KINDEX 싱가포르리츠,11990,125,1.05%,0,103117,252,,,
세방우,6790,30,0.44%,500,73,250,,3.6,
삼성 레버리지 금 선물 ETN(H),24965,250,-0.99%,0,5370,250,,,
신한 레버리지 미국달러 선물 ETN,12480,55,0.44%,0,525,250,,,
유안타증권우,1930,25,-1.28%,5000,3989,249,,3.91,
TIGER 200 금융,6230,0,0.00%,0,475,249,,,
삼성 인버스 2X WTI원유 선물 ETN,4975,5,-0.10%,0,24395,249,,,
삼성 미국 중소형 성장주 ETN,12340,0,0.00%,0,0,247,,,
미래에셋 에너지화학 Core5 ETN,12330,80,-0.64%,0,1,247,,,
삼성 미국 대형 가치주 ETN(H),12280,100,0.82%,0,508,246,,,
진양폴리,2455,175,-6.65%,500,154783,246,11,25.57,2.72
미래에셋 일본 대형주 ETN(H),12260,15,0.12%,0,1,245,,,
TIGER 우선주,8800,15,-0.17%,0,5101,245,,,
미래에셋 미국 헬스케어 ETN(H),12230,80,-0.65%,0,47,245,,,
신한 인버스 2X 다우존스지수 선물 ETN(H),6115,75,-1.21%,0,68989,245,,,
KODEX 배당성장,11005,50,-0.45%,0,1289,242,,,
미래에셋 유럽 대형주 ETN(H),12105,0,0.00%,0,0,242,,,
ARIRANG 단기우량채권,52465,10,0.02%,0,393,241,,,
신한 금 선물 ETN(H),12015,60,-0.50%,0,1931,240,,,
KOSEF 200선물레버리지,9730,15,-0.15%,0,3917,238,,,
미래에셋 원유선물혼합 ETN(H),23625,20,0.08%,0,6,236,,,
미래에셋 유럽 중형주 ETN(H),11805,0,0.00%,0,0,236,,,
삼성 미국 중소형 성장주 ETN(H),11790,0,0.00%,0,0,236,,,
모두투어리츠,3000,140,4.90%,5000,13798,235,23,25.86,1.13
에이리츠,6380,60,0.95%,5000,20458,235,6,6.58,4.6
TIGER 가격조정,21580,125,-0.58%,0,270,233,,,
부산주공,550,24,4.56%,500,359777,233,-69,-0.94,-7.09
세기상사,56900,100,-0.18%,5000,1006,232,-4,-67.02,-0.81
QV 스마트리밸런싱 250/3 ETN,11565,35,0.30%,0,5,231,,,
신한 구리 선물 ETN(H),11560,45,-0.39%,0,600,231,,,
청호컴넷,2755,65,2.42%,5000,19817,231,-60,15.65,2.16
TIGER 미국달러선물인버스2X,9145,55,-0.60%,0,102,229,,,
미래에셋 일본 중형주 ETN(H),11430,15,0.13%,0,1,229,,,
금호전기,2300,210,-8.37%,5000,249409,229,-478,-0.88,-7.22
ARIRANG 미국단기우량회사채,99305,30,0.03%,0,44,228,,,
미래에셋 미국 시니어론 100 ETN,11360,0,0.00%,0,0,227,,,
미래에셋 글로벌 리츠 ETN(H),11350,80,0.71%,0,10,227,,,
ARIRANG 미국장기우량회사채,98475,845,-0.85%,0,605,226,,,
씨아이테크,417,5,-1.18%,500,194957,226,-20,-8.02,-7.46
미래에셋 중국 심천 100 ETN,11210,90,0.81%,0,1,224,,,
QV 레버리지 WTI원유 선물 ETN(H),11180,15,-0.13%,0,54,224,,,
KINDEX 중국본토CSI300레버리지(합성),3320,65,2.00%,0,12078,222,,,
미래에셋 미국 리츠 ETN(H),11090,0,0.00%,0,0,222,,,
KBSTAR 국고채3년선물인버스,98980,95,0.10%,0,8,222,,,
일정실업,18400,750,4.25%,5000,1326,221,-84,-3.21,-10.14
삼성 미국 중소형 가치주 ETN,10985,0,0.00%,0,0,220,,,
FOCUS ESG리더스,7545,15,-0.20%,0,2,219,,,
HANARO KRX300,11700,5,0.04%,0,100,216,,,
신한 인버스 2X 은 선물 ETN(H),10785,90,0.84%,0,1231,216,,,
KINDEX 골드선물 레버리지(합성 H),14340,195,-1.34%,0,35619,215,,,
KODEX 미국달러선물,10555,35,0.33%,0,95905,214,,,
KBSTAR 모멘텀로우볼,10415,20,-0.19%,0,112,214,,,
QV 스마트리밸런싱 260/4 ETN,10670,0,0.00%,0,0,213,,,
KODEX 미국달러선물레버리지,10540,65,0.62%,0,148385,213,,,
미래에셋 미국 시니어론 100 ETN(H),10570,0,0.00%,0,0,211,,,
삼성 미국 중소형 가치주 ETN(H),10495,0,0.00%,0,0,210,,,
신한 인버스 2X S&P500 선물 ETN,10485,60,-0.57%,0,9113,210,,,
삼성 바이오 테마주 ETN,10460,130,-1.23%,0,12,209,,,
하이트론,3765,5,-0.13%,2500,3395,208,-10,28.96,1.18
삼성 화학 테마주 ETN,10410,0,0.00%,0,0,208,,,
QV S&P500 VIX S/T 선물 ETN B,20815,255,1.24%,0,1,208,,,
QV 자동차 TOP5 ETN,10365,0,0.00%,0,0,207,,,
QV 에너지 TOP5 ETN,10300,55,-0.53%,0,111,206,,,
KODEX TRF7030,10280,55,0.54%,0,3520,206,,,
KODEX TRF5050,10260,35,0.34%,0,1765,205,,,
KODEX 자동차,14605,85,0.59%,0,1296,204,,,
QV KTOP30 ETN,10220,0,0.00%,0,0,204,,,
신한 인버스 구리 선물 ETN(H),10100,0,0.00%,0,0,202,,,
대덕전자1우,6100,20,-0.33%,500,1290,202,,1.18,
TIGER 200IT레버리지,20100,170,0.85%,0,6736,201,,,
TRUE 다우존스 지속가능경영 코리아 ETN,10000,0,0.00%,0,20011,200,,,
신한 은 선물 ETN(H),9920,45,-0.45%,0,70,198,,,
미래에셋 레버리지 원유선물혼합 ETN(H),19810,15,0.08%,0,26,198,,,
하나니켈1호,870,15,1.75%,0,722350,198,,,
신한 코스피 월별 양매도 5% OTM ETN,9885,0,0.00%,0,0,198,,,
KODEX 코스피100,19770,0,0.00%,0,1983,198,,,
SK디스커버리우,14550,350,-2.35%,5000,3477,198,,3.7,
신한 레버리지 S&P500 선물 ETN,9880,85,0.87%,0,217,198,,,
신한 코스피 월별 양매도 3% OTM ETN,9855,0,0.00%,0,0,197,,,
KODEX 2차전지산업,7865,100,1.29%,0,9791,197,,,
ARIRANG 중형주저변동50,8185,90,-1.09%,0,417,196,,,
신한 코스피 콘도르 6/10% ETN,9755,0,0.00%,0,23,195,,,
신한 인버스 WTI원유 선물 ETN(H),9750,50,0.52%,0,44,195,,,
KTOP 코스피50,17760,70,-0.39%,0,100,194,,,
KINDEX 중기국고채,107640,65,-0.06%,0,11,194,,,
TREX 200,25815,30,-0.12%,0,30,194,,,
신한 USD K200 선물 바이셀 ETN,9645,20,0.21%,0,119,193,,,
KODEX MSCI KOREA ESG유니버설,7680,0,0.00%,0,0,192,,,
한진칼우,35500,500,-1.39%,2500,9583,191,,-51.98,
태영건설우,7350,90,1.24%,500,13122,188,,3.07,
KODEX 배당성장채권혼합,10405,15,-0.14%,0,3811,187,,,
하이트진로2우B,16500,100,0.61%,5000,7862,186,,52.88,
TIGER 미국S&P500레버리지(합성 H),16935,125,0.74%,0,6917,186,,,
QV 바이오 TOP5 ETN,9235,110,-1.18%,0,256,185,,,
TIGER 배당성장,13675,70,-0.51%,0,979,185,,,
마이다스 200커버드콜5%OTM,11490,0,0.00%,0,0,184,,,
TRUE 빅5 동일가중 ETN,9125,0,0.00%,0,0,182,,,
한국주강,1605,15,-0.93%,500,13725,182,-89,-1.79,-13.93
QV 롱숏 K150 매수 로우볼 매도 ETN,8895,0,0.00%,0,0,178,,,
FOCUS KRX300,11790,30,-0.25%,0,2,177,,,
신한 인버스 은 선물 ETN(H),8765,35,0.40%,0,1,175,,,
미래에셋 Q150 Core5 ETN,8765,0,0.00%,0,0,175,,,
KBSTAR 모멘텀밸류,10295,5,0.05%,0,17,175,,,
KODEX 미국S&P고배당커버드콜(합성 H),9670,45,0.47%,0,4296,174,,,
신한 K200 USD 선물 바이셀 ETN,8685,110,-1.25%,0,12,174,,,
TRUE 코리아프리미어 ETN,8635,0,0.00%,0,0,173,,,
TIGER 코스닥150선물인버스,9335,75,0.81%,0,256249,173,,,
QV 화학 TOP5 ETN,8595,135,1.60%,0,105,172,,,
대상우,12400,100,0.81%,1000,7824,170,,6.89,
삼성 온라인쇼핑 테마주 ETN,8430,0,0.00%,0,0,169,,,
삼성 증권 테마주 ETN,8415,100,-1.17%,0,1100,168,,,
KINDEX 밸류대형,6390,10,-0.16%,0,30,166,,,
QV 건설 TOP5 ETN,8300,115,-1.37%,0,1,166,,,
대신 인버스 2X 니켈선물 ETN(H),8265,25,0.30%,0,15508,165,,,
KINDEX 인도네시아MSCI(합성),10255,215,2.14%,0,11232,164,,,
KBSTAR 채권혼합,54495,60,-0.11%,0,11,163,,,
신한 인버스 금 선물 ETN(H),8105,0,0.00%,0,0,162,,,
QV 인버스 레버리지 10년 국채선물 ETN,16125,15,0.09%,0,1,161,,,
금호산업우,54700,1300,-2.32%,5000,33796,160,,-4207.69,
QV 조선 TOP5 ETN,7965,125,1.59%,0,132,159,,,
KOSEF 200 선물,11340,10,-0.09%,0,2351,159,,,
ARIRANG 미국S&P500(H),12210,10,0.08%,0,1694,159,,,
KODEX 국채선물10년,72995,180,-0.25%,0,1517,158,,,
신한 WTI원유 선물 ETN(H),7835,10,-0.13%,0,46,157,,,
현대건설우,158500,500,0.32%,5000,432,157,,46.29,
대한항공우,14050,50,-0.35%,5000,6605,156,,-6.98,
삼성 인버스 2X 금 선물 ETN(H),15605,160,1.04%,0,2039,156,,,
TIGER 200 에너지화학,11360,50,0.44%,0,232,154,,,
TIGER 대형가치,8325,10,-0.12%,0,1886,154,,,
KODEX 건설,2605,20,-0.76%,0,48331,154,,,
ARIRANG ESG우수기업,7665,5,0.07%,0,17,153,,,
KODEX 바이오,7365,115,-1.54%,0,28847,153,,,
KODEX KTOP30,12765,15,-0.12%,0,232,153,,,
신한 인버스 2X 미국달러 선물 ETN,7595,35,-0.46%,0,1016,152,,,
TRUE 섹터탑픽 ETN,7560,0,0.00%,0,0,151,,,
신한 천연가스 선물 ETN(H),5000,65,-1.28%,0,10780,150,,,
QV 인버스 레버리지 S&P500 ETN,7425,35,0.47%,0,31,148,,,
KODEX 미국달러선물인버스2X,9165,55,-0.60%,0,136060,148,,,
신한 콩 선물 ETN(H),7420,0,0.00%,0,0,148,,,
KOSEF 인도Nifty50(합성),12865,60,-0.46%,0,20896,148,,,
KOSEF 국고채10년레버리지,147540,885,-0.60%,0,3301,148,,,
KODEX 턴어라운드투자,10435,45,-0.43%,0,296,146,,,
삼성 S&P500 VIX S/T 선물 ETN(H) B,19360,45,0.23%,0,4355,145,,,
SMART 선진국MSCI World(합성 H),13095,20,-0.15%,0,2,144,,,
미래에셋 인버스 미디어엔터 Core5 ETN,14265,0,0.00%,0,0,143,,,
미래에셋 인버스 에너지화학 Core5 ETN,7130,0,0.00%,0,0,143,,,
KODEX 글로벌4차산업로보틱스(합성),10550,30,-0.28%,0,1036,142,,,
신한 레버리지 금 선물 ETN,14115,100,-0.70%,0,34118,141,,,
KODEX KRX300레버리지,8270,40,-0.48%,0,3284,141,,,
KINDEX 스마트모멘텀,10765,5,-0.05%,0,20,140,,,
KOSEF 200선물인버스2X,8460,25,0.30%,0,34768,140,,,
TRUE 인버스 2X S&P500 선물 ETN(H),6950,65,-0.93%,0,65942,139,,,
TIGER 일본니케이225,13845,95,0.69%,0,805,138,,,
파워 고배당저변동성,25560,70,-0.27%,0,32,138,,,
HANARO 고배당,8820,5,0.06%,0,1000,137,,,
KODEX 반도체,19520,25,0.13%,0,1933,137,,,
한화우,28500,100,0.35%,5000,17689,137,,5.96,
QV 운송 TOP5 ETN,6770,0,0.00%,0,0,135,,,
미래에셋 인버스 S&P500 ETN(H),6765,15,-0.22%,0,407,135,,,
KODEX 모멘텀Plus,8400,0,0.00%,0,738,134,,,
녹십자홀딩스2우,15800,150,0.96%,500,69,134,,42.36,
KOSEF 코스닥150선물인버스,16505,140,0.86%,0,3059,132,,,
삼양홀딩스우,43050,350,-0.81%,5000,122,131,,5.46,
TIGER S&P글로벌헬스케어(합성),13075,70,-0.53%,0,4143,131,,,
미래에셋 인버스 원유선물혼합 ETN(H),13045,50,0.38%,0,2,130,,,
TIGER 인도니프티50레버리지(합성),14465,180,-1.23%,0,10715,130,,,
하이트진로홀딩스우,27600,6350,29.88%,5000,524643,130,,-240,
넥센우,3590,35,0.98%,500,233,129,,3.3,
삼양사우,34650,0,0.00%,5000,22,128,,8.21,
QV 레버리지 10년 국채선물 ETN,25580,15,0.06%,0,525,128,,,
TIGER 반도체,19890,25,0.13%,0,686,127,,,
TIGER 200 중공업,2750,20,0.73%,0,10902,127,,,
TIGER 미국달러선물레버리지,10550,60,0.57%,0,624,127,,,
신한 옥수수 선물 ETN(H),6325,15,-0.24%,0,5968,126,,,
삼성 레버리지 은 선물 ETN(H),12610,110,-0.86%,0,14524,126,,,
삼성 미디어 테마주 ETN,6305,0,0.00%,0,0,126,,,
한화케미칼우,11200,100,-0.88%,5000,5700,126,,9.89,
KODEX 최소변동성,8385,40,-0.47%,0,51,126,,,
KODEX 국채선물10년인버스,44570,120,0.27%,0,32,126,,,
TRUE 레버리지 S&P500 선물 ETN(H),12560,105,0.84%,0,21999,126,,,
KBSTAR 주식혼합,31110,40,-0.13%,0,6,124,,,
NPC우,2340,5,0.21%,500,2754,124,,8.3,
신한 인버스 다우존스지수 선물 ETN(H),6165,40,-0.64%,0,1282,123,,,
TIGER 유로스탁스배당30,12205,80,0.66%,0,1595,122,,,
KINDEX 레버리지,4195,5,-0.12%,0,8966,122,,,
TRUE 코스피 커버드풋 ETN B,12135,0,0.00%,0,2,121,,,
QV 내수소비 TOP5 ETN,6035,65,-1.07%,0,1,121,,,
삼성 인버스 China A50 선물 ETN(H),11990,140,-1.15%,0,1413,120,,,
TIGER 중소형가치,7730,40,-0.51%,0,2328,120,,,
TRUE 레버리지 엔선물 ETN B,11935,65,0.55%,0,656,119,,,
KBSTAR 5대그룹주,4970,15,0.30%,0,52,119,,,
TIGER 경기방어채권혼합,9110,35,-0.38%,0,410,118,,,
TIGER 200 건설,2315,25,-1.07%,0,4319,118,,,
KODEX MSCI밸류,8390,20,-0.24%,0,277,117,,,
신풍제약우,5330,50,0.95%,500,3454,117,,148.06,
남선알미우,38000,50,0.13%,500,11358,117,,166.67,
코오롱우,10850,950,-8.05%,5000,484283,117,,97.75,
KODEX S&P글로벌인프라(합성),11840,60,-0.50%,0,5225,116,,,
KODEX WTI원유선물(H),19235,5,-0.03%,0,3558,115,,,
KODEX 미국S&P IT(합성),24440,30,0.12%,0,640,115,,,
QV 제약 TOP5 ETN,5735,25,-0.43%,0,1,115,,,
흥국 S&P코리아로우볼,9315,0,0.00%,0,0,115,,,
미래에셋 인버스 전기전자 Core5 ETN,5725,0,0.00%,0,1029,114,,,
삼성 레저 테마주 ETN,5685,0,0.00%,0,0,114,,,
TIGER S&P글로벌인프라(합성),11335,5,0.04%,0,18,113,,,
ARIRANG 고배당주채권혼합,10255,5,0.05%,0,5184,113,,,
삼성 인버스 2X 구리 선물 ETN(H),11085,15,0.14%,0,124,111,,,
대신 2X 아연선물 ETN(H),5540,95,-1.69%,0,11336,111,,,
신한 인버스 2X 구리 선물 ETN,11065,75,0.68%,0,222,111,,,
QV CHINEXT ETN(H),5530,0,0.00%,0,0,111,,,
TRUE 레버리지 유로스탁스50 ETN(H),11060,55,0.50%,0,789,111,,,
TIGER 200커버드콜ATM,9210,5,-0.05%,0,12,111,,,
TIGER 200커뮤니케이션서비스,16230,155,-0.95%,0,1,110,,,
TIGER 증권,3715,25,-0.67%,0,11765,110,,,
대신 인버스 철광석 선물 ETN(H),5490,320,-5.51%,0,71373,110,,,
TRUE 인버스 HSCEI ETN(H) B,10945,95,-0.86%,0,47,109,,,
TRUE 엔선물 ETN B,10940,0,0.00%,0,0,109,,,
KINDEX 러시아MSCI(합성),27345,200,0.74%,0,3036,109,,,
KINDEX 스마트밸류,9930,10,0.10%,0,20,109,,,
KODEX KRX300선물인버스,10855,15,-0.14%,0,1211,109,,,
신한 달러인덱스 선물 ETN(H),10840,0,0.00%,0,0,108,,,
ARIRANG 미국나스닥기술주,13470,80,0.60%,0,1978,108,,,
대신 WTI원유 선물 ETN(H),10740,65,-0.60%,0,5,107,,,
KODEX 성장투자,8905,0,0.00%,0,0,107,,,
SK네트웍스우,94000,1600,-1.67%,2500,4530,107,,3241.38,
TRUE 인버스 2X 나스닥 100 ETN,10675,55,-0.51%,0,52948,107,,,
ARIRANG 우량회사채50 1년,106665,25,-0.02%,0,187,107,,,
계양전기우,7590,100,-1.30%,500,7511,106,,27.01,
신한 MSCI 인도네시아 선물 ETN(H),10600,0,0.00%,0,0,106,,,
TIGER 일본TOPIX헬스케어(합성),10560,60,0.57%,0,200,106,,,
TRUE 인버스 나스닥 100 ETN,10540,25,0.24%,0,50,105,,,
대신 니켈선물 ETN(H),15045,95,0.64%,0,250,105,,,
SK증권우,2685,15,-0.56%,500,17279,105,,68.85,
TIGER 글로벌자원생산기업(합성 H),10440,90,-0.85%,0,199,104,,,
TIGER 미국나스닥바이오,14895,5,0.03%,0,513,104,,,
KOSEF Fn중소형,16220,120,-0.73%,0,4050,104,,,
TRUE 유로선물 ETN B,10330,20,0.19%,0,4,103,,,
파워 코스피100,19850,10,0.05%,0,51,103,,,
KODEX 멀티에셋하이인컴(H),10290,5,-0.05%,0,5163,103,,,
TIGER 미국달러단기채권액티브,10285,25,0.24%,0,16066,103,,,
KODEX 200미국채혼합,10655,5,0.05%,0,6125,102,,,
KOSEF 미국달러선물인버스,10120,30,-0.30%,0,351,102,,,
ARIRANG 200로우볼,8175,15,0.18%,0,31,102,,,
QV 미국 IT TOP5 ETN(H),14525,35,0.24%,0,146,102,,,
KINDEX 미국4차산업인터넷(합성 H),12620,20,0.16%,0,323,101,,,
신한 코스피 콘도르 6/10% 콜 2204-01 ETN,10095,0,0.00%,0,0,101,,,
삼성 음식료 테마주 ETN,5020,0,0.00%,0,0,100,,,
KOSEF 블루칩,7140,10,-0.14%,0,1053,100,,,
QV 의료 TOP5 ETN,4985,0,0.00%,0,0,100,,,
신한 코스피 월별 양매도 5% 콜 2206-1 ETN,9905,0,0.00%,0,0,99,,,
한화투자증권우,2060,5,-0.24%,5000,4524,99,,5.04,
KODEX 심천ChiNext(합성),7055,25,-0.35%,0,3220,99,,,
TRUE 레버리지 HSCEI ETN(H),9805,180,1.87%,0,111,98,,,
신한 코스피 콘도르 4/10% 콜 2204-01 ETN,9790,0,0.00%,0,0,98,,,
KOSEF 배당바이백Plus,13030,75,-0.57%,0,208,98,,,
신한 코스피 월별 양매도 3% 콜 2206-1 ETN,9760,0,0.00%,0,0,98,,,
TRUE 레버리지 나스닥 100 ETN,9710,100,1.04%,0,53491,97,,,
TRUE 인버스 유로선물 ETN B,9700,0,0.00%,0,0,97,,,
쌍용양회우,6280,130,-2.03%,1000,15650,97,,21.66,
ARIRANG 200퀄리티,8040,15,0.19%,0,31,96,,,
TIGER 200에너지화학레버리지,8040,85,1.07%,0,10970,96,,,
태양금속우,2915,25,-0.85%,500,3593,96,,-21.75,
KODEX 미국채울트라30년선물(H),11955,240,-1.97%,0,31750,96,,,
KOSEF 고배당,7595,20,-0.26%,0,1115,95,,,
신한 레버리지 구리 선물 ETN,9485,15,0.16%,0,901,95,,,
TRUE 인버스 2X HSCEI ETN(H),9410,180,-1.88%,0,2983,94,,,
KBSTAR 차이나HSCEI(H),11650,140,1.22%,0,2126,93,,,
신한 인버스 달러인덱스 선물 ETN(H),9315,0,0.00%,0,0,93,,,
TIGER 코스닥150IT,10555,55,0.52%,0,2213,93,,,
삼성 모멘텀 탑픽 ETN,4640,80,-1.69%,0,4,93,,,
KOSEF 200선물인버스,9565,35,0.37%,0,4627,93,,,
TIGER 골드선물(H),11430,65,-0.57%,0,5844,91,,,
QV 인버스 레버리지 WTI원유 선물 ETN(H),4560,5,0.11%,0,86,91,,,
신한 인버스 MSCI 인도네시아 선물 ETN(H),9100,0,0.00%,0,0,91,,,
TRUE 인버스 엔선물 ETN B,9100,10,-0.11%,0,5766,91,,,
KOSEF 코스피100,19755,5,-0.03%,0,473,91,,,
TIGER 일본엔선물,11290,75,0.67%,0,818,90,,,
KODEX 퀄리티Plus,8155,50,-0.61%,0,202,90,,,
KODEX 기계장비,4215,10,0.24%,0,21254,89,,,
TRUE 인버스 유로스탁스50 ETN(H) B,8850,25,-0.28%,0,32,88,,,
신한 인버스 2X 금 선물 ETN,8820,110,1.26%,0,15539,88,,,
KBSTAR 미국장기국채선물레버리지(합성 H),12425,245,-1.93%,0,8998,87,,,
KBSTAR KRX300선물인버스,10865,5,0.05%,0,29,87,,,
KODEX 미디어&엔터테인먼트,10770,45,-0.42%,0,645,86,,,
크라운해태홀딩스우,14300,600,4.38%,500,144944,86,,47.04,
신한 인버스 브렌트원유 선물 ETN(H),8575,0,0.00%,0,0,86,,,
TIGER 일본엔선물레버리지,12245,5,-0.04%,0,8543,86,,,
마이티 코스피고배당,10985,10,-0.09%,0,19,86,,,
KBSTAR 헬스케어,8140,50,-0.61%,0,500,85,,,
KODEX 에너지화학,10165,45,0.44%,0,5207,85,,,
KODEX MSCI퀄리티,8525,0,0.00%,0,0,85,,,
KODEX 미국S&P산업재(합성),15940,115,0.73%,0,38,85,,,
서울식품우,3815,85,-2.18%,100,69380,85,,1907.5,
ARIRANG 주도업종,7070,25,0.35%,0,72,85,,,
KODEX 경기소비재,9380,30,-0.32%,0,62,84,,,
TRUE 코스피 커버드콜 ETN B,8420,55,-0.65%,0,4,84,,,
HANARO e커머스,9305,5,-0.05%,0,5300,84,,,
ARIRANG 200밸류,7970,15,0.19%,0,31,84,,,
삼성 레버리지 구리 선물 ETN(H),8335,10,-0.12%,0,1178,83,,,
KINDEX 미국다우존스리츠(합성 H),82880,5,0.01%,0,271,83,,,
대신 인버스 아연선물 ETN(H),11825,105,0.90%,0,140,83,,,
QV 인버스 레버리지 MSCI 선진국 ETN,11825,0,0.00%,0,0,83,,,
TIGER KRX300레버리지,8235,30,-0.36%,0,70,82,,,
KBSTAR KRX300레버리지,8225,20,-0.24%,0,15064,82,,,
KODEX 보험,5780,65,-1.11%,0,2047,81,,,
KINDEX 일본Nikkei225(H),13480,60,0.45%,0,2379,81,,,
KINDEX 스마트퀄리티,11535,0,0.00%,0,20,81,,,
대한제당우,12450,100,0.81%,2500,700,81,,12.3,
TIGER 구리실물,6550,5,-0.08%,0,149,80,,,
QV 인버스 MSCI 선진국 ETN,11445,0,0.00%,0,0,80,,,
KINDEX 스마트하이베타,8895,0,0.00%,0,20,80,,,
KODEX 미국달러선물인버스,9750,30,-0.31%,0,62423,80,,,
신한 브렌트원유 선물 ETN(H),7965,5,-0.06%,0,1,80,,,
KOSEF 저PBR가중,11370,65,-0.57%,0,5076,80,,,
TIGER 유로스탁스레버리지(합성 H),7940,25,0.32%,0,103,79,,,
KODEX 콩선물(H),7925,40,-0.50%,0,118,79,,,
TIGER 국채선물3년인버스,49460,35,0.07%,0,15,79,,,
동북아12호,4990,20,-0.40%,5000,199,79,5,16.63,5.87
KBSTAR 헬스케어채권혼합,9875,25,-0.25%,0,6,79,,,
KODEX 일본TOPIX100,13165,35,0.27%,0,717,79,,,
KINDEX 스마트로우볼,11275,10,-0.09%,0,20,79,,,
동북아13호,4970,25,-0.50%,5000,100,79,5,16.57,5.91
마이티 코스피100,19680,0,0.00%,0,0,79,,,
TIGER 대만TAIEX선물(H),13050,15,-0.11%,0,1,78,,,
TIGER 베타플러스,11185,0,0.00%,0,0,78,,,
KODEX 게임산업,8655,20,-0.23%,0,9299,78,,,
TRUE 인버스 2X 유로스탁스50 ETN(H),7730,60,-0.77%,0,1196,77,,,
TIGER 중장기국채선물인버스,47490,80,0.17%,0,17,76,,,
TIGER 화장품,2690,35,-1.28%,0,14685,76,,,
TIGER 차이나항셍25,16830,95,0.57%,0,704,76,,,
TIGER KRX300선물인버스,10815,45,0.42%,0,19,76,,,
KODEX 가치투자,9455,45,-0.47%,0,4,76,,,
KOSEF KRX100,4190,5,0.12%,0,128,75,,,
TIGER 삼성그룹펀더멘털,8180,15,0.18%,0,330,75,,,
대원전선우,2870,20,-0.69%,500,3962,75,,159.44,
KODEX 미국나스닥100선물(H),10015,30,0.30%,0,1087,75,,,
TIGER 지속배당,12470,65,-0.52%,0,6,75,,,
KINDEX 삼성그룹동일가중,12460,25,-0.20%,0,128,75,,,
KBSTAR IT플러스,10375,20,0.19%,0,5,75,,,
TIGER 200 경기소비재,13325,55,0.41%,0,524,75,,,
삼성 인버스 2X 은 선물 ETN(H),7430,65,0.88%,0,325,74,,,
파워 스마트밸류,12345,0,0.00%,0,50,74,,,
일양약품우,16550,50,0.30%,2500,234,74,,-65.94,
TIGER 국채선물10년인버스,45705,120,0.26%,0,13,73,,,
HANARO 농업융복합산업,8595,10,-0.12%,0,1000,73,,,
TIGER 지주회사,9100,0,0.00%,0,0,73,,,
성신양회우,9890,100,-1.00%,5000,24541,73,,14.98,
ARIRANG 코스닥150선물인버스,14500,115,0.80%,0,8595,72,,,
KBSTAR V&S셀렉트밸류,10300,80,-0.77%,0,50,72,,,
TRUE 코스피 타겟볼20 ETN,7185,0,0.00%,0,0,72,,,
코리아써우,2420,0,0.00%,500,396,72,,-1.85,
CJ씨푸드1우,35850,900,2.58%,500,74761,72,,597.5,
동원시스템즈우,27000,650,-2.35%,5000,102,72,,13.08,
KODEX 밸류Plus,7130,15,-0.21%,0,60,71,,,
TIGER 중장기국채선물인버스2X,44480,160,0.36%,0,10,71,,,
KINDEX 일본TOPIX인버스(합성 H),6460,0,0.00%,0,2033,71,,,
QV MSCI 선진국 ETN,10140,0,0.00%,0,0,71,,,
깨끗한나라우,19300,1300,7.22%,1000,274884,71,,-21.47,
성문전자우,11750,300,2.62%,500,7123,70,,1175,
KBSTAR 글로벌4차산업IT(합성 H),12800,15,-0.12%,0,893,70,,,
KINDEX 멕시코MSCI(합성),8795,55,-0.62%,0,54,70,,,
유유제약1우,6200,20,0.32%,1000,2425,70,,11.83,
ARIRANG S&P글로벌인프라,11700,45,-0.38%,0,392,70,,,
KODEX 미국러셀2000(H),10015,10,-0.10%,0,1,70,,,
TIGER 대형성장,7375,5,-0.07%,0,877,70,,,
크라운제과우,9050,350,4.02%,200,194760,70,,8.79,
마이티 200커버드콜ATM레버리지,7725,5,-0.06%,0,5,70,,,
KODEX IT,11345,50,0.44%,0,5335,68,,,
KBSTAR 미국장기국채선물(H),11340,100,-0.87%,0,782,68,,,
ARIRANG 미국다우존스고배당주(합성 H),12835,5,0.04%,0,216,68,,,
KBSTAR KRX300미국달러선물혼합,9685,15,0.16%,0,74,68,,,
ARIRANG 200선물레버리지,19365,30,-0.15%,0,1586,68,,,
QV 레버리지 MSCI 선진국 ETN,9635,50,0.52%,0,56,67,,,
삼성 화장품 테마주 ETN,3370,55,-1.61%,0,2,67,,,
TIGER 방송통신,7990,75,-0.93%,0,12117,67,,,
ARIRANG 글로벌MSCI(합성 H),13055,25,0.19%,0,631,67,,,
TIGER 이머징마켓MSCI레버리지(합성 H),9510,55,-0.58%,0,182,67,,,
ARIRANG 스마트베타 Quality,8295,20,-0.24%,0,31,66,,,
TIGER KTOP30,6290,10,0.16%,0,203,66,,,
TREX 펀더멘탈 200,26410,5,-0.02%,0,1,66,,,
SMART 중국본토 중소형 CSI500(합성 H),3640,10,-0.27%,0,40,66,,,
KINDEX 일본TOPIX레버리지(H),13035,165,1.28%,0,913,65,,,
KBSTAR 200고배당커버드콜ATM,9300,20,-0.21%,0,16,65,,,
TIGER 코스닥150로우볼,10800,65,-0.60%,0,2,65,,,
KINDEX 필리핀MSCI(합성),16110,90,0.56%,0,2005,64,,,
KODEX 철강,6530,80,-1.21%,0,4557,64,,,
KODEX 헬스케어,10665,120,-1.11%,0,3738,64,,,
삼성중공우,55300,100,-0.18%,5000,1392,64,,-79.8,
현대비앤지스틸우,57400,100,-0.17%,5000,111,63,,44.84,
TIGER 일본엔선물인버스,8975,0,0.00%,0,0,63,,,
TIGER 의료기기,9640,115,-1.18%,0,75,63,,,
KBSTAR 내수주플러스,8685,35,-0.40%,0,5,63,,,
KBSTAR 일본TOPIX레버리지(H),12495,110,0.89%,0,1,62,,,
대신 아연선물 ETN(H),8855,125,-1.39%,0,6,62,,,
KBSTAR 차이나H선물인버스(H),11265,105,-0.92%,0,443,62,,,
KODEX 미국S&P금융(합성),16655,55,0.33%,0,249,62,,,
파워 중기국고채,102555,0,0.00%,0,0,62,,,
KBSTAR V&S셀렉트밸류채권혼합,10245,40,-0.39%,0,205,61,,,
KODEX FnKorea50,7650,0,0.00%,0,0,61,,,
ARIRANG 국채선물3년,52620,50,-0.09%,0,6,61,,,
ARIRANG 국채선물10년,58560,235,-0.40%,0,331,61,,,
KODEX 미국S&P바이오(합성),22050,325,-1.45%,0,232,61,,,
TIGER 200 헬스케어,15145,20,-0.13%,0,470,61,,,
ARIRANG 스마트베타Quality채권혼합,10010,0,0.00%,0,34,60,,,
TIGER 원유선물인버스(H),9880,5,-0.05%,0,5899,59,,,
KBSTAR ESG사회책임투자,7865,10,-0.13%,0,5,59,,,
KODEX 미국채10년선물,11795,30,-0.25%,0,10972,59,,,
KODEX 미국S&P에너지(합성),7870,55,0.70%,0,302,59,,,
KBSTAR 국채선물10년인버스,44935,145,0.32%,0,6,58,,,
KBSTAR 미국S&P원유생산기업(합성 H),4160,35,-0.83%,0,273,58,,,
ARIRANG 스마트베타 Value,8315,20,-0.24%,0,43,58,,,
대상홀딩스우,6370,40,-0.62%,1000,62604,58,,10.08,
KINDEX 미국WideMoat가치주,11565,45,-0.39%,0,5602,58,,,
TIGER 현대차그룹+펀더멘털,16980,105,0.62%,0,4,58,,,
KODEX 3대농산물선물(H),7655,5,0.07%,0,155,57,,,
TIGER 200커버드콜5%OTM,11465,0,0.00%,0,0,57,,,
KBSTAR 200선물인버스,9520,10,0.11%,0,1109,57,,,
ARIRANG 200모멘텀,7915,20,0.25%,0,31,55,,,
KBSTAR 중국MSCI China선물(H),10060,35,0.35%,0,155,55,,,
KINDEX 배당성장,27615,135,-0.49%,0,26,55,,,
TIGER 코스닥150바이오테크,7450,160,-2.10%,0,1394,55,,,
TIGER 일본엔선물인버스2X,7865,30,0.38%,0,797,55,,,
TIGER 중소형,7255,15,0.21%,0,7,54,,,
삼성 건축자재 테마주 ETN,2705,0,0.00%,0,0,54,,,
KINDEX 인버스,8980,10,0.11%,0,3294,54,,,
KBSTAR 우량업종,8975,5,-0.06%,0,10,54,,,
TIGER 중소형성장,6710,20,-0.30%,0,10,54,,,
하나니켈2호,1630,50,3.16%,0,221016,54,,,
덕성우,3845,15,0.39%,500,22349,54,,-32.58,
KODEX 미국FANG플러스(H),10690,25,-0.23%,0,574,53,,,
KINDEX 코스닥(합성),8905,0,0.00%,0,0,53,,,
ARIRANG 선진국MSCI(합성 H),9880,100,-1.00%,0,1233,53,,,
KBSTAR 지주회사,6635,20,-0.30%,0,28,53,,,
노루페인트우,11350,100,-0.87%,500,2583,53,,18.22,
코오롱글로벌우,16800,50,0.30%,5000,13925,53,,26.29,
TIGER MSCI KOREA ESG유니버설,7610,20,-0.26%,0,8,52,,,
KBSTAR 미국장기국채선물인버스(H),8725,125,1.45%,0,157,52,,,
금강공업우,8860,10,0.11%,1000,15955,52,,15.28,
ARIRANG 스마트베타 LowVOL,8705,25,-0.29%,0,32,52,,,
KBSTAR 미국장기국채선물인버스2X(합성 H),7445,185,2.55%,0,2077,52,,,
KOSEF 코스닥150선물레버리지,2725,50,-1.80%,0,14396,52,,,
KODEX 국채선물3년인버스,49445,50,0.10%,0,204,50,,,
TIGER 금은선물(H),8400,20,-0.24%,0,3730,50,,,
TIGER 라틴35,3845,25,-0.65%,0,4544,50,,,
KODEX 미국채울트라30년선물인버스(H),8290,120,1.47%,0,1,50,,,
신원우,54400,300,-0.55%,500,371,49,,-697.44,
KINDEX 국채선물3년인버스,98685,95,0.10%,0,20,49,,,
KODEX 한국대만IT프리미어,9865,0,0.00%,0,8,49,,,
TIGER K게임,7545,0,0.00%,0,0,49,,,
KBSTAR 수출주,8145,5,-0.06%,0,10,49,,,
ARIRANG KRX300산업재,9670,10,0.10%,0,44,48,,,
TIGER MSCI KOREA ESG리더스,7325,35,0.48%,0,1,48,,,
TIGER 여행레저,3925,45,-1.13%,0,2334,48,,,
TIGER LG그룹+펀더멘털,6335,0,0.00%,0,587,48,,,
HANARO 코스닥150선물레버리지,5545,95,-1.68%,0,5244,48,,,
동양우,7710,140,-1.78%,500,1694,48,,550.71,
TIGER 200 산업재,4915,10,-0.20%,0,37,47,,,
대신 인버스 니켈선물 ETN(H),6630,45,0.68%,0,4,46,,,
ARIRANG 200동일가중,7730,15,-0.19%,0,31,46,,,
KODEX China H선물인버스(H),11500,80,-0.69%,0,1534,46,,,
TREX 중소형가치,6920,60,-0.86%,0,9,46,,,
TIGER 200 철강소재,6840,95,-1.37%,0,44,45,,,
KINDEX 국채선물10년인버스,89930,270,0.30%,0,24,45,,,
동부건설우,19750,300,-1.50%,5000,1241,45,,5.63,
KINDEX 한류,5560,55,-0.98%,0,101,44,,,
KODEX 골드선물인버스(H),8880,40,0.45%,0,23692,44,,,
KBSTAR 200커뮤니케이션서비스,10045,15,-0.15%,0,6,44,,,
동부제철우,27400,1000,-3.52%,5000,842,44,,-5.58,
진흥기업우B,5100,130,-2.49%,500,3455,44,,124.39,
한양증권우,8300,10,-0.12%,5000,46,44,,23.65,
JW중외제약우,25600,0,0.00%,2500,192,43,,69.95,
ARIRANG 심천차이넥스트(합성),7085,70,1.00%,0,7,43,,,
ARIRANG 200선물인버스2X,16930,10,0.06%,0,7155,42,,,
ARIRANG KRX300금융,8790,40,-0.45%,0,46,42,,,
KBSTAR 200생활소비재,7510,10,-0.13%,0,5,42,,,
TIGER 200 생활소비재,9875,65,-0.65%,0,12,41,,,
KBSTAR 200중공업,8575,35,0.41%,0,10,41,,,
TIGER 은행,6605,20,-0.30%,0,1319,41,,,
DB하이텍1우,36400,950,-2.54%,5000,617,41,,18.66,
KBSTAR 200건설,9290,85,-0.91%,0,5,41,,,
KODEX 구리선물(H),5045,20,-0.39%,0,5653,40,,,
KBSTAR 200금융,7705,35,-0.45%,0,260,40,,,
KODEX MSCI모멘텀,7980,0,0.00%,0,0,40,,,
KBSTAR 코스닥150선물인버스,9620,75,0.79%,0,53931,38,,,
KBSTAR 중소형모멘텀밸류,8425,50,-0.59%,0,5,38,,,
KBSTAR 200에너지화학,7555,35,0.47%,0,8,38,,,
ARIRANG 스마트베타 Momentum,7495,15,-0.20%,0,39,37,,,
ARIRANG KRX300자유소비재,10995,30,0.27%,0,43,37,,,
KBSTAR 게임테마,8305,5,-0.06%,0,8,37,,,
진흥기업2우B,12650,100,-0.78%,500,2691,37,,308.54,
TIGER 미디어컨텐츠,4775,90,-1.85%,0,17939,37,,,
흥국화재우,4830,0,0.00%,5000,357,37,,6.24,
KBSTAR 중소형모멘텀로우볼,8095,75,-0.92%,0,5,36,,,
KBSTAR 200경기소비재,8245,65,0.79%,0,54,36,,,
KODEX MSCI EM선물(H),8000,5,0.06%,0,106,36,,,
KBSTAR 200철강소재,6550,85,-1.28%,0,8,35,,,
KODEX WTI원유선물인버스(H),13840,35,-0.25%,0,3489,35,,,
KBSTAR KQ모멘텀밸류,7650,35,-0.46%,0,5,34,,,
KBSTAR KQ모멘텀로우볼,7425,30,-0.40%,0,5,33,,,
JW중외제약2우B,37850,500,-1.30%,2500,55,33,,103.42,
KOSEF 코스닥150선물,5585,45,-0.80%,0,59,33,,,
코리아써키트2우B,4130,105,2.61%,500,16,32,,-3.16,
노루홀딩스우,17300,150,0.87%,500,2446,32,,-28.5,
ARIRANG 코스피중형주,7685,35,-0.45%,0,32,31,,,
동양2우B,9830,60,-0.61%,500,371,30,,702.14,
흥국화재2우B,19450,250,1.30%,5000,128,30,,25.13,
ARIRANG KRX300IT,10395,55,0.53%,0,41,29,,,
TIGER 금속선물(H),4840,45,-0.92%,0,55,29,,,
유유제약2우B,17600,50,-0.28%,1000,591,29,,33.59,
대한제당3우B,21300,0,0.00%,2500,382,28,,21.05,
동양3우B,28050,250,0.90%,500,288,25,,2003.57,
ARIRANG KRX300헬스케어,7475,80,-1.06%,0,107,24,,,
KBSTAR 200산업재,8940,10,-0.11%,0,201,20,,,
KINDEX 골드선물 인버스2X(합성 H),4830,75,-1.53%,0,6184,19,,,
KODEX 운송,2745,0,0.00%,0,968,19,,,
ARIRANG 코스닥150,8820,70,-0.79%,0,411,18,,,
TIGER KRX100,41750,5,0.01%,0,11,6,,,
