Dates,CLOSE
2007.2.20,25.07
2007.2.21,25.12
2007.2.22,25.12
2007.2.23,25.04
2007.2.26,25.04
2007.2.27,24.9
2007.2.28,24.9401
2007.3.1,24.97
2007.3.2,24.96
2007.3.5,25.12
2007.3.6,25.1
2007.3.7,25
2007.3.8,25.12
2007.3.9,25.16
2007.3.12,25.08
2007.3.13,25.02
2007.3.14,24.96
2007.3.16,24.87
2007.3.19,25
2007.3.20,24.85
2007.3.21,24.78
2007.3.22,24.776
2007.3.23,24.93
2007.3.26,24.85
2007.3.27,24.84
2007.3.28,24.84
2007.3.29,24.87
2007.3.30,24.79
2007.4.2,24.8455
2007.4.3,24.88
2007.4.4,24.85
2007.4.5,24.77
2007.4.9,24.93
2007.4.10,24.85
2007.4.11,24.847
2007.4.12,24.7
2007.4.13,24.69
2007.4.16,24.59
2007.4.17,24.58
2007.4.18,24.55
2007.4.19,24.55
2007.4.20,24.46
2007.4.23,24.59
2007.4.24,24.56
2007.4.25,24.52
2007.4.26,24.62
2007.4.27,24.54
2007.4.30,24.49
2007.5.1,24.64
2007.5.2,24.66
2007.5.3,24.69
2007.5.4,24.6
2007.5.7,24.66
2007.5.8,24.73
2007.5.9,24.76
2007.5.10,24.79
2007.5.11,24.81
2007.5.14,24.79
2007.5.15,24.71
2007.5.16,24.82
2007.5.17,24.88
2007.5.18,24.83
2007.5.21,24.9
2007.5.22,24.91
2007.5.23,24.89
2007.5.24,24.93
2007.5.25,24.91
2007.5.29,24.92
2007.5.30,24.96
2007.5.31,24.92
2007.6.1,24.93
2007.6.4,24.83
2007.6.5,24.76
2007.6.6,24.8
2007.6.7,24.96
2007.6.8,25.04
2007.6.11,25.1
2007.6.12,25.1499
2007.6.13,25.2
2007.6.14,25.23
2007.6.15,25.09
2007.6.18,25.06
2007.6.19,25.07
2007.6.20,24.12
2007.6.21,25.1
2007.6.22,24.95
2007.6.25,25.03
2007.6.26,24.99
2007.6.27,25.03
2007.6.28,25.0299
2007.6.29,24.8811
2007.7.2,24.75
2007.7.3,24.71
2007.7.5,24.83
2007.7.6,24.7845
2007.7.9,24.79
2007.7.10,24.62
2007.7.11,24.59
2007.7.12,24.55
2007.7.13,24.574
2007.7.16,24.56
2007.7.17,24.56
2007.7.18,24.54
2007.7.19,24.53
2007.7.20,24.49
2007.7.23,24.54
2007.7.24,24.35
2007.7.25,24.56
2007.7.26,24.45
2007.7.27,24.65
2007.7.30,24.69
2007.7.31,24.65
2007.8.1,24.66
2007.8.2,24.7
2007.8.3,24.47
2007.8.6,24.52
2007.8.7,24.59
2007.8.8,24.52
2007.8.9,24.71
2007.8.10,24.73
2007.8.13,24.8
2007.8.14,24.96
2007.8.15,25.07
2007.8.16,25
2007.8.17,24.93
2007.8.20,24.99
2007.8.21,25.0001
2007.8.22,24.93
2007.8.23,24.89
2007.8.24,24.78
2007.8.27,24.76
2007.8.28,24.76
2007.8.29,24.736
2007.8.30,24.85
2007.8.31,24.79
2007.9.4,24.83
2007.9.5,24.736
2007.9.6,24.67
2007.9.7,24.53
2007.9.10,24.5
2007.9.11,24.53
2007.9.12,24.41
2007.9.13,24.48
2007.9.14,24.5399
2007.9.17,24.52
2007.9.18,24.44
2007.9.19,24.43
2007.9.20,24.246
2007.9.21,24.26
2007.9.24,24.25
2007.9.25,24.19
2007.9.26,24.27
2007.9.27,24.23
2007.9.28,24.0499
2007.10.1,24.08
2007.10.2,24.23
2007.10.3,24.304
2007.10.4,24.27
2007.10.5,24.23
2007.10.8,24.38
2007.10.9,24.29
2007.10.10,24.22
2007.10.11,24.24
2007.10.12,24.2
2007.10.15,24.17
2007.10.16,24.2
2007.10.17,24.19
2007.10.18,24.04
2007.10.19,23.99
2007.10.22,24.19
2007.10.23,24.04
2007.10.24,24
2007.10.25,23.95
2007.10.26,23.85
2007.10.29,23.81
2007.10.30,23.8579
2007.10.31,23.75
2007.11.1,23.83
2007.11.2,23.6
2007.11.5,23.72
2007.11.6,23.64
2007.11.7,23.52
2007.11.8,23.5
2007.11.9,23.5
2007.11.12,23.72
2007.11.13,23.63
2007.11.14,23.64
2007.11.15,23.7
2007.11.16,23.67
2007.11.19,23.6
2007.11.20,23.38
2007.11.21,23.26
2007.11.23,23.434
2007.11.26,23.31
2007.11.27,23.44
2007.11.28,23.51
2007.11.29,23.64
2007.11.30,23.82
2007.12.3,23.77
2007.12.4,23.6
2007.12.5,23.89
2007.12.6,23.88
2007.12.7,23.92
2007.12.10,23.75
2007.12.11,23.7
2007.12.12,23.7904
2007.12.13,23.87
2007.12.14,24.17
2007.12.17,24.17
2007.12.18,23.94
2007.12.19,24.01
2007.12.20,24.05
2007.12.21,24.11
2007.12.24,23.95
2007.12.26,23.86
2007.12.27,23.71
2007.12.28,23.55
2007.12.31,23.7
2008.1.2,23.49
2008.1.3,23.54
2008.1.4,23.29
2008.1.7,23.52
2008.1.8,23.49
2008.1.9,23.67
2008.1.10,23.44
2008.1.11,23.55
2008.1.14,23.43
2008.1.15,23.41
2008.1.16,23.7
2008.1.17,23.66
2008.1.18,23.73
2008.1.22,23.7674
2008.1.23,23.7
2008.1.24,23.5
2008.1.25,23.56
2008.1.28,23.41
2008.1.29,23.4
2008.1.30,23.26
2008.1.31,23.44
2008.2.1,23.53
2008.2.4,23.49
2008.2.5,23.74
2008.2.6,23.74
2008.2.7,23.97
2008.2.8,23.9
2008.2.11,23.85
2008.2.12,23.77
2008.2.13,23.81
2008.2.14,23.73
2008.2.15,23.73
2008.2.19,23.69
2008.2.20,23.7
2008.2.21,23.53
2008.2.22,23.26
2008.2.25,23.38
2008.2.26,23.22
2008.2.27,23.0699
2008.2.28,22.94
2008.2.29,22.95
2008.3.3,22.9
2008.3.4,22.962
2008.3.5,22.85
2008.3.6,22.73
2008.3.7,22.8
2008.3.10,22.73
2008.3.11,22.88
2008.3.12,22.48
2008.3.13,22.42
2008.3.14,22.4599
2008.3.17,22.27
2008.3.18,22.53
2008.3.19,22.55
2008.3.20,22.79
2008.3.24,23.13
2008.3.25,22.62
2008.3.26,22.3027
2008.3.27,22.34
2008.3.28,22.36
2008.3.31,22.4
2008.4.1,22.75
2008.4.2,22.53
2008.4.3,22.61
2008.4.4,22.3899
2008.4.7,22.55
2008.4.8,22.55
2008.4.9,22.4
2008.4.10,22.5
2008.4.11,22.42
2008.4.14,22.42
2008.4.15,22.45
2008.4.16,22.23
2008.4.17,22.35
2008.4.18,22.5
2008.4.21,22.33
2008.4.22,22.25
2008.4.23,22.4
2008.4.24,22.65
2008.4.25,22.71
2008.4.28,22.68
2008.4.29,22.77
2008.4.30,22.61
2008.5.1,22.8
2008.5.2,22.92
2008.5.5,22.81
2008.5.6,22.73
2008.5.7,22.8815
2008.5.8,22.88
2008.5.9,22.7299
2008.5.12,22.7
2008.5.13,22.8
2008.5.14,22.828
2008.5.15,22.81
2008.5.16,22.59
2008.5.19,22.71
2008.5.20,22.48
2008.5.21,22.32
2008.5.22,22.46
2008.5.23,22.33
2008.5.27,22.46
2008.5.28,22.56
2008.5.29,22.74
2008.5.30,22.71
2008.6.2,22.68
2008.6.3,22.8
2008.6.4,22.86
2008.6.5,22.75
2008.6.6,22.4866
2008.6.9,22.68
2008.6.10,22.92
2008.6.11,22.77
2008.6.12,22.96
2008.6.13,22.99
2008.6.16,22.89
2008.6.17,22.84
2008.6.18,22.82
2008.6.19,22.84
2008.6.20,22.69
2008.6.23,22.82
2008.6.24,22.76
2008.6.25,22.65
2008.6.26,22.51
2008.6.27,22.44
2008.6.30,22.49
2008.7.1,22.47
2008.7.2,22.36
2008.7.3,22.58
2008.7.7,22.56
2008.7.8,22.66
2008.7.9,22.5
2008.7.10,22.48
2008.7.11,22.33
2008.7.14,22.29
2008.7.15,22.27
2008.7.16,22.38
2008.7.17,22.42
2008.7.18,22.42
2008.7.21,22.34
2008.7.22,22.5
2008.7.23,22.59
2008.7.24,22.57
2008.7.25,22.6
2008.7.28,22.55
2008.7.29,22.74
2008.7.30,22.72
2008.7.31,22.72
2008.8.1,22.79
2008.8.4,22.8
2008.8.5,22.97
2008.8.6,23.04
2008.8.7,23.16
2008.8.8,23.53
2008.8.11,23.66
2008.8.12,23.61
2008.8.13,23.61
2008.8.14,23.75
2008.8.15,23.93
2008.8.18,23.86
2008.8.19,23.75
2008.8.20,23.82
2008.8.21,23.55
2008.8.22,23.79
2008.8.25,23.78
2008.8.26,23.92
2008.8.27,23.85
2008.8.28,23.93
2008.8.29,23.94
2008.9.2,24.17
2008.9.3,24.15
2008.9.4,24.34
2008.9.5,24.43
2008.9.8,24.56
2008.9.9,24.57
2008.9.10,24.73
2008.9.11,24.8
2008.9.12,24.33
2008.9.15,24.11
2008.9.16,24.46
2008.9.17,23.93
2008.9.18,24.03
2008.9.19,23.84
2008.9.22,23.3
2008.9.23,23.45
2008.9.24,23.68
2008.9.25,23.64
2008.9.26,23.641
2008.9.29,23.82
2008.9.30,24.44
2008.10.1,24.54
2008.10.2,24.88
2008.10.3,24.7799
2008.10.6,25.075
2008.10.7,24.9
2008.10.8,24.82
2008.10.9,24.95
2008.10.10,24.99
2008.10.13,24.97
2008.10.14,24.96
2008.10.15,25.25
2008.10.16,25.38
2008.10.17,25.42
2008.10.20,25.62
2008.10.21,26.04
2008.10.22,26.35
2008.10.23,26.2
2008.10.24,26.88
2008.10.27,26.88
2008.10.28,26.57
2008.10.29,26.14
2008.10.30,26.11
2008.10.31,26.5
2008.11.3,26.6299
2008.11.4,26.0701
2008.11.5,26.16
2008.11.6,26.53
2008.11.7,26.47
2008.11.10,26.49
2008.11.11,26.9
2008.11.12,26.96
2008.11.13,26.53
2008.11.14,26.75
2008.11.17,26.73
2008.11.18,26.81
2008.11.19,26.902
2008.11.20,27.08
2008.11.21,26.95
2008.11.24,26.29
2008.11.25,25.98
2008.11.26,26.27
2008.11.28,26.55
2008.12.1,26.7
2008.12.2,26.55
2008.12.3,26.59
2008.12.4,26.52
2008.12.5,26.63
2008.12.8,26.18
2008.12.9,26.2499
2008.12.10,26.1
2008.12.11,25.52
2008.12.12,25.46
2008.12.15,24.8503
2008.12.16,24.25
2008.12.17,23.96
2008.12.18,24.37
2008.12.19,24.742
2008.12.22,24.728
2008.12.23,24.71
2008.12.24,24.7
2008.12.26,24.57
2008.12.29,24.69
2008.12.30,24.58
2008.12.31,24.69
2009.1.2,24.9199
2009.1.5,25.19
2009.1.6,25.15
2009.1.7,24.99
2009.1.8,24.74
2009.1.9,25.12
2009.1.12,25.24
2009.1.13,25.529
2009.1.14,25.63
2009.1.15,25.62
2009.1.16,25.4
2009.1.20,26.13
2009.1.21,25.9
2009.1.22,25.88
2009.1.23,25.87
2009.1.26,25.53
2009.1.27,25.5
2009.1.28,25.59
2009.1.29,25.79
2009.1.30,25.95
2009.2.2,25.93
2009.2.3,25.61
2009.2.4,25.85
2009.2.5,25.93
2009.2.6,25.71
2009.2.9,25.54
2009.2.10,25.84
2009.2.11,25.88
2009.2.12,25.98
2009.2.13,25.9
2009.2.17,26.41
2009.2.18,26.53
2009.2.19,26.38
2009.2.20,26.01
2009.2.23,26.25
2009.2.24,26.11
2009.2.25,26.43
2009.2.26,26.41
2009.2.27,26.4776
2009.3.2,26.75
2009.3.3,26.74
2009.3.4,26.5901
2009.3.5,26.73
2009.3.6,26.6
2009.3.9,26.75
2009.3.10,26.6
2009.3.11,26.31
2009.3.12,26.182
2009.3.13,26.208
2009.3.16,26.129
2009.3.17,26.09
2009.3.18,25.254
2009.3.19,24.95
2009.3.20,25.16
2009.3.23,25.03
2009.3.24,25.31
2009.3.25,25.11
2009.3.26,25.27
2009.3.27,25.57
2009.3.30,25.7299
2009.3.31,25.64
2009.4.1,25.66
2009.4.2,25.32
2009.4.3,25.24
2009.4.6,25.36
2009.4.7,25.55
2009.4.8,25.56
2009.4.9,25.66
2009.4.13,25.32
2009.4.14,25.38
2009.4.15,25.42
2009.4.16,25.51
2009.4.17,25.77
2009.4.20,25.97
2009.4.21,25.91
2009.4.22,25.84
2009.4.23,25.55
2009.4.24,25.35
2009.4.27,25.65
2009.4.28,25.49
2009.4.29,25.31
2009.4.30,25.34
2009.5.1,25.28
2009.5.4,25.05
2009.5.5,25.13
2009.5.6,25.08
2009.5.7,25.08
2009.5.8,24.63
2009.5.11,24.76
2009.5.12,24.63
2009.5.13,24.72
2009.5.14,24.64
2009.5.15,24.81
2009.5.18,24.68
2009.5.19,24.55
2009.5.20,24.25
2009.5.21,24.09
2009.5.22,23.92
2009.5.26,23.97
2009.5.27,24.05
2009.5.28,24.07
2009.5.29,23.73
2009.6.1,23.67
2009.6.2,23.45
2009.6.3,23.8
2009.6.4,23.75
2009.6.5,24.16
2009.6.8,24.17
2009.6.9,23.86
2009.6.10,24
2009.6.11,23.76
2009.6.12,23.99
2009.6.15,24.43
2009.6.16,24.11
2009.6.17,23.97
2009.6.18,24.08
2009.6.19,23.97
2009.6.22,24.13
2009.6.23,23.85
2009.6.24,23.99
2009.6.25,23.97
2009.6.26,23.83
2009.6.29,23.81
2009.6.30,23.9
2009.7.1,23.78
2009.7.2,23.91
2009.7.6,23.948
2009.7.7,24.05
2009.7.8,24.02
2009.7.9,23.82
2009.7.10,23.88
2009.7.13,23.84
2009.7.14,23.86
2009.7.15,23.63
2009.7.16,23.61
2009.7.17,23.66
2009.7.20,23.5
2009.7.21,23.51
2009.7.22,23.47
2009.7.23,23.47
2009.7.24,23.44
2009.7.27,23.42
2009.7.28,23.49
2009.7.29,23.66
2009.7.30,23.63
2009.7.31,23.32
2009.8.3,23.13
2009.8.4,23.13
2009.8.5,23.1
2009.8.6,23.21
2009.8.7,23.48
2009.8.10,23.56
2009.8.11,23.58
2009.8.12,23.47
2009.8.13,23.36
2009.8.14,23.45
2009.8.17,23.59
2009.8.18,23.53
2009.8.19,23.38
2009.8.20,23.31
2009.8.21,23.23
2009.8.24,23.28
2009.8.25,23.28
2009.8.26,23.37
2009.8.27,23.24
2009.8.28,23.28
2009.8.31,23.26
2009.9.1,23.41
2009.9.2,23.32
2009.9.3,23.34
2009.9.4,23.25
2009.9.8,22.99
2009.9.9,22.91
2009.9.10,22.86
2009.9.11,22.81
2009.9.14,22.79
2009.9.15,22.71
2009.9.16,22.64
2009.9.17,22.68
2009.9.18,22.76
2009.9.21,22.84
2009.9.22,22.6
2009.9.23,22.7
2009.9.24,22.87
2009.9.25,22.81
2009.9.28,22.88
2009.9.29,22.92
2009.9.30,22.79
2009.10.1,22.95
2009.10.2,22.9
2009.10.5,22.77
2009.10.6,22.67
2009.10.7,22.69
2009.10.8,22.54
2009.10.9,22.72
2009.10.12,22.62
2009.10.13,22.57
2009.10.14,22.4
2009.10.15,22.41
2009.10.16,22.47
2009.10.19,22.36
2009.10.20,22.46
2009.10.21,22.32
2009.10.22,22.31
2009.10.23,22.43
2009.10.26,22.58
2009.10.27,22.638
2009.10.28,22.73
2009.10.29,22.57
2009.10.30,22.7
2009.11.2,22.62
2009.11.3,22.68
2009.11.4,22.51
2009.11.5,22.94
2009.11.6,22.83
2009.11.9,22.54
2009.11.10,22.44
2009.11.11,22.48
2009.11.12,22.8
2009.11.13,22.32
2009.11.16,22.22
2009.11.17,22.36
2009.11.18,22.28
2009.11.19,22.35
2009.11.20,22.44
2009.11.23,22.27
2009.11.24,22.29
2009.11.25,22.03
2009.11.27,22.26
2009.11.30,22.17
2009.12.1,22.07
2009.12.2,22.14
2009.12.3,22.15
2009.12.4,22.48
2009.12.7,22.48
2009.12.8,22.59
2009.12.9,22.5
2009.12.10,22.5
2009.12.11,22.68
2009.12.14,22.63
2009.12.15,22.79
2009.12.16,22.77
2009.12.17,23.01
2009.12.18,23.01
2009.12.21,23.08
2009.12.22,23.16
2009.12.23,23.03
2009.12.24,23.03
2009.12.28,22.97
2009.12.29,23.04
2009.12.30,23.04
2009.12.31,23.08
2010.1.4,22.92
2010.1.5,22.91
2010.1.6,22.85
2010.1.7,23
2010.1.8,22.84
2010.1.11,22.72
2010.1.12,22.72
2010.1.13,22.7
2010.1.14,22.64
2010.1.15,22.77
2010.1.19,22.84
2010.1.20,23.12
2010.1.21,23.12
2010.1.22,23.08
2010.1.25,23.05
2010.1.26,23.15
2010.1.27,23.23
2010.1.28,23.27
2010.1.29,23.45
2010.2.1,23.35
2010.2.2,23.27
2010.2.3,23.4
2010.2.4,23.55
2010.2.5,23.65
2010.2.8,23.64
2010.2.9,23.49
2010.2.10,23.56
2010.2.11,23.55
2010.2.12,23.63
2010.2.16,23.43
2010.2.17,23.65
2010.2.18,23.65
2010.2.19,23.72
2010.2.22,23.68
2010.2.23,23.81
2010.2.24,23.76
2010.2.25,23.71
2010.2.26,23.64
2010.3.1,23.72
2010.3.2,23.65
2010.3.3,23.51
2010.3.4,23.64
2010.3.5,23.63
2010.3.8,23.62
2010.3.9,23.66
2010.3.10,23.62
2010.3.11,23.57
2010.3.12,23.42
2010.3.15,23.55
2010.3.16,23.38
2010.3.17,23.39
2010.3.18,23.55
2010.3.19,23.71
2010.3.22,23.65
2010.3.23,23.73
2010.3.24,24.05
2010.3.25,24.13
2010.3.26,23.96
2010.3.29,23.84
2010.3.30,23.93
2010.3.31,23.8
2010.4.1,23.66
2010.4.5,23.78
2010.4.6,23.85
2010.4.7,23.9
2010.4.8,23.88
2010.4.9,23.7
2010.4.12,23.6
2010.4.13,23.6
2010.4.14,23.48
2010.4.15,23.57
2010.4.16,23.65
2010.4.19,23.69
2010.4.20,23.73
2010.4.21,23.78
2010.4.22,23.89
2010.4.23,23.84
2010.4.26,23.83
2010.4.27,24.12
2010.4.28,24.11
2010.4.29,24
2010.4.30,23.96
2010.5.3,24.11
2010.5.4,24.38
2010.5.5,24.61
2010.5.6,24.8119
2010.5.7,24.7
2010.5.10,24.64
2010.5.11,24.75
2010.5.12,24.82
2010.5.13,24.96
2010.5.14,25.19
2010.5.17,25.19
2010.5.18,25.46
2010.5.19,25.22
2010.5.20,25.09
2010.5.21,24.98
2010.5.24,25.23
2010.5.25,25.3
2010.5.26,25.47
2010.5.27,25.2
2010.5.28,25.34
2010.6.1,25.35
2010.6.2,25.34
2010.6.3,25.47
2010.6.4,25.77
2010.6.7,25.83
2010.6.8,25.75
2010.6.9,25.65
2010.6.10,25.38
2010.6.11,25.46
2010.6.14,25.23
2010.6.15,25.02
2010.6.16,25.1
2010.6.17,24.95
2010.6.18,24.94
2010.6.21,25.03
2010.6.22,25.07
2010.6.23,24.97
2010.6.24,24.97
2010.6.25,24.83
2010.6.28,24.96
2010.6.29,25.08
2010.6.30,25.06
2010.7.1,24.6
2010.7.2,24.57
2010.7.6,24.49
2010.7.7,24.41
2010.7.8,24.38
2010.7.9,24.44
2010.7.12,24.51
2010.7.13,24.3
2010.7.14,24.25
2010.7.15,23.97
2010.7.16,24.01
2010.7.19,24.03
2010.7.20,24.07
2010.7.21,24.23
2010.7.22,24.03
2010.7.23,23.99
2010.7.26,23.86
2010.7.27,23.9
2010.7.28,23.89
2010.7.29,23.73
2010.7.30,23.74
2010.8.2,23.52
2010.8.3,23.42
2010.8.4,23.55
2010.8.5,23.47
2010.8.6,23.35
2010.8.9,23.47
2010.8.10,23.52
2010.8.11,23.93
2010.8.12,24.01
2010.8.13,24.11
2010.8.16,23.96
2010.8.17,23.88
2010.8.18,23.91
2010.8.19,23.96
2010.8.20,24.13
2010.8.23,24.18
2010.8.24,24.14
2010.8.25,24.18
2010.8.26,24.03
2010.8.27,24.07
2010.8.30,24.14
2010.8.31,24.12
2010.9.1,23.93
2010.9.2,23.91
2010.9.3,23.79
2010.9.7,24.04
2010.9.8,23.96
2010.9.9,23.96
2010.9.10,23.98
2010.9.13,23.72
2010.9.14,23.52
2010.9.15,23.62
2010.9.16,23.54
2010.9.17,23.6
2010.9.20,23.57
2010.9.21,23.31
2010.9.22,23.14
2010.9.23,23.21
2010.9.24,22.97
2010.9.27,23
2010.9.28,22.88
2010.9.29,22.84
2010.9.30,22.84
2010.10.1,22.65
2010.10.4,22.75
2010.10.5,22.56
2010.10.6,22.45
2010.10.7,22.48
2010.10.8,22.4
2010.10.11,22.49
2010.10.12,22.42
2010.10.13,22.36
2010.10.14,22.21
2010.10.15,22.34
2010.10.18,22.32
2010.10.19,22.7
2010.10.20,22.39
2010.10.21,22.47
2010.10.22,22.47
2010.10.25,22.37
2010.10.26,22.52
2010.10.27,22.65
2010.10.28,22.41
2010.10.29,22.37
2010.11.1,22.41
2010.11.2,22.245
2010.11.3,22.14
2010.11.4,21.97
2010.11.5,22.18
2010.11.8,22.305
2010.11.9,22.5
2010.11.10,22.48
2010.11.11,22.64
2010.11.12,22.61
2010.11.15,22.79
2010.11.16,22.92
2010.11.17,22.9
2010.11.18,22.74
2010.11.19,22.67
2010.11.22,22.735
2010.11.23,23.04
2010.11.24,23.07
2010.11.26,23.21
2010.11.29,23.35
2010.11.30,23.5
2010.12.1,23.3
2010.12.2,23.16
2010.12.3,22.88
2010.12.6,22.99
2010.12.7,23.09
2010.12.8,23.1
2010.12.9,23.12
2010.12.10,23.12
2010.12.13,22.87
2010.12.14,22.91
2010.12.15,23.15
2010.12.16,23.09
2010.12.17,23.19
2010.12.20,23.24
2010.12.21,23.29
2010.12.22,23.27
2010.12.23,23.2
2010.12.27,23.15
2010.12.28,23.16
2010.12.29,23
2010.12.30,22.92
2010.12.31,22.71
2011.1.3,22.8225
2011.1.4,22.88
2011.1.5,23.11
2011.1.6,23.2875
2011.1.7,23.3625
2011.1.10,23.2825
2011.1.11,23.265
2011.1.12,23.0375
2011.1.13,22.8
2011.1.14,22.77
2011.1.18,22.7475
2011.1.19,22.61
2011.1.20,22.68
2011.1.21,22.49
2011.1.24,22.44
2011.1.25,22.425
2011.1.26,22.385
2011.1.27,22.35
2011.1.28,22.49
2011.1.31,22.36
2011.2.1,22.14
2011.2.2,22.1775
2011.2.3,22.355
2011.2.4,22.4325
2011.2.7,22.4325
2011.2.8,22.405
2011.2.9,22.31
2011.2.10,22.49
2011.2.11,22.5475
2011.2.14,22.58
2011.2.15,22.6
2011.2.16,22.47
2011.2.17,22.41
2011.2.18,22.3025
2011.2.22,22.3575
2011.2.23,22.23
2011.2.24,22.15
2011.2.25,22.185
2011.2.28,22.09
2011.3.1,22.12
2011.3.2,22
2011.3.3,21.97
2011.3.4,21.935
2011.3.7,21.96
2011.3.8,22.0575
2011.3.9,22.02
2011.3.10,22.19
2011.3.11,22.03
2011.3.14,21.92
2011.3.15,21.94
2011.3.16,22.01
2011.3.17,21.82
2011.3.18,21.72
2011.3.21,21.65
2011.3.22,21.655
2011.3.23,21.78
2011.3.24,21.73
2011.3.25,21.875
2011.3.28,21.86
2011.3.29,21.85
2011.3.30,21.83
2011.3.31,21.79
2011.4.1,21.77
2011.4.4,21.77
2011.4.5,21.78
2011.4.6,21.66
2011.4.7,21.67
2011.4.8,21.5
2011.4.11,21.53
2011.4.12,21.48
2011.4.13,21.5
2011.4.14,21.42
2011.4.15,21.46
2011.4.18,21.66
2011.4.19,21.53
2011.4.20,21.32
2011.4.21,21.235
2011.4.25,21.21
2011.4.26,21.16
2011.4.27,21.02
2011.4.28,20.96
2011.4.29,20.95
2011.5.2,20.97
2011.5.3,20.965
2011.5.4,20.96
2011.5.5,21.27
2011.5.6,21.43
2011.5.9,21.4
2011.5.10,21.38
2011.5.11,21.58
2011.5.12,21.54
2011.5.13,21.69
2011.5.16,21.62
2011.5.17,21.6
2011.5.18,21.59
2011.5.19,21.5
2011.5.20,21.65
2011.5.23,21.79
2011.5.24,21.73
2011.5.25,21.71
2011.5.26,21.62
2011.5.27,21.44
2011.5.31,21.339
2011.6.1,21.39
2011.6.2,21.25
2011.6.3,21.09
2011.6.6,21.15
2011.6.7,21.03
2011.6.8,21.13
2011.6.9,21.2
2011.6.10,21.4
2011.6.13,21.29
2011.6.14,21.26
2011.6.15,21.602
2011.6.16,21.59
2011.6.17,21.45
2011.6.20,21.45
2011.6.21,21.31
2011.6.22,21.39
2011.6.23,21.5
2011.6.24,21.63
2011.6.27,21.53
2011.6.28,21.45
2011.6.29,21.32
2011.6.30,21.22
2011.7.1,21.2
2011.7.5,21.28
2011.7.6,21.41
2011.7.7,21.37
2011.7.8,21.42
2011.7.11,21.71
2011.7.12,21.7
2011.7.13,21.47
2011.7.14,21.47
2011.7.15,21.43
2011.7.18,21.48
2011.7.19,21.43
2011.7.20,21.33
2011.7.21,21.13
2011.7.22,21.13
2011.7.25,21.11
2011.7.26,20.93
2011.7.27,21.09
2011.7.28,21.13
2011.7.29,21.03
2011.8.1,21.14
2011.8.2,21.17
2011.8.3,21.07
2011.8.4,21.4
2011.8.5,21.22
2011.8.8,21.25
2011.8.9,21.07
2011.8.10,21.25
2011.8.11,21.22
2011.8.12,21.22
2011.8.15,21
2011.8.16,21.01
2011.8.17,20.96
2011.8.18,21.08
2011.8.19,21.03
2011.8.22,21.07
2011.8.23,20.98
2011.8.24,21.02
2011.8.25,21.08
2011.8.26,20.96
2011.8.29,20.93
2011.8.30,21.005
2011.8.31,21.07
2011.9.1,21.16
2011.9.2,21.22
2011.9.6,21.55
2011.9.7,21.43
2011.9.8,21.65
2011.9.9,21.91
2011.9.12,21.92
2011.9.13,21.85
2011.9.14,21.79
2011.9.15,21.66
2011.9.16,21.74
2011.9.19,21.86
2011.9.20,21.86
2011.9.21,22.03
2011.9.22,22.26
2011.9.23,22.2
2011.9.26,22.18
2011.9.27,22.05
2011.9.28,22.13
2011.9.29,22.08
2011.9.30,22.305
2011.10.3,22.51
2011.10.4,22.42
2011.10.5,22.35
2011.10.6,22.21
2011.10.7,22.27
2011.10.10,21.92
2011.10.11,21.9
2011.10.12,21.76
2011.10.13,21.75
2011.10.14,21.65
2011.10.17,21.79
2011.10.18,21.76
2011.10.19,21.78
2011.10.20,21.74
2011.10.21,21.54
2011.10.24,21.49
2011.10.25,21.51
2011.10.26,21.505
2011.10.27,21.15
2011.10.28,21.16
2011.10.31,21.57
2011.11.1,21.8
2011.11.2,21.75
2011.11.3,21.65
2011.11.4,21.71
2011.11.7,21.69
2011.11.8,21.59
2011.11.9,21.97
2011.11.10,21.91
2011.11.11,21.69
2011.11.14,21.84
2011.11.15,21.97
2011.11.16,22.04
2011.11.17,22.07
2011.11.18,22.01
2011.11.21,22.05
2011.11.22,22.04
2011.11.23,22.29
2011.11.25,22.42
2011.11.28,22.33
2011.11.29,22.25
2011.11.30,22.06
2011.12.1,22.05
2011.12.2,22.12
2011.12.5,22.12
2011.12.6,22.1
2011.12.7,22.07
2011.12.8,22.19
2011.12.9,22.12
2011.12.12,22.35
2011.12.13,22.57
2011.12.14,22.62
2011.12.15,22.56
2011.12.16,22.49
2011.12.19,22.57
2011.12.20,22.38
2011.12.21,22.38
2011.12.22,22.38
2011.12.23,22.385
2011.12.27,22.34
2011.12.28,22.55
2011.12.29,22.51
2011.12.30,22.47
2012.1.3,22.275
2012.1.4,22.4
2012.1.5,22.64
2012.1.6,22.72
2012.1.9,22.64
2012.1.10,22.62
2012.1.11,22.72
2012.1.12,22.57
2012.1.13,22.75
2012.1.17,22.67
2012.1.18,22.47
2012.1.19,22.35
2012.1.20,22.37
2012.1.23,22.24
2012.1.24,22.27
2012.1.25,22.17
2012.1.26,22.15
2012.1.27,21.99
2012.1.30,22.07
2012.1.31,22.12
2012.2.1,22.02
2012.2.2,22.03
2012.2.3,22.03
2012.2.6,22.04
2012.2.7,21.89
2012.2.8,21.91
2012.2.9,21.92
2012.2.10,22.06
2012.2.13,22.03
2012.2.14,22.14
2012.2.15,22.21
2012.2.16,22.13
2012.2.17,22.13
2012.2.21,22.04
2012.2.22,22.07
2012.2.23,21.9
2012.2.24,21.81
2012.2.27,21.88
2012.2.28,21.78
2012.2.29,21.96
2012.3.1,21.96
2012.3.2,22.11
2012.3.5,22.09
2012.3.6,22.23
2012.3.7,22.2
2012.3.8,22.05
2012.3.9,22.26
2012.3.12,22.23
2012.3.13,22.3
2012.3.14,22.42
2012.3.15,22.33
2012.3.16,22.18
2012.3.19,22.06
2012.3.20,22.1
2012.3.21,22.11
2012.3.22,22.135
2012.3.23,22.02
2012.3.26,21.8843
2012.3.27,21.96
2012.3.28,21.95
2012.3.29,21.94
2012.3.30,21.91
2012.4.2,21.855
2012.4.3,22.02
2012.4.4,22.13
2012.4.5,22.2
2012.4.9,22.125
2012.4.10,22.16
2012.4.11,22.13
2012.4.12,21.98
2012.4.13,22.16
2012.4.16,22.07
2012.4.17,22.06
2012.4.18,22.06
2012.4.19,22.05
2012.4.20,21.93
2012.4.23,22
2012.4.24,21.94
2012.4.25,21.89
2012.4.26,21.86
2012.4.27,21.82
2012.4.30,21.81
2012.5.1,21.83
2012.5.2,21.9
2012.5.3,21.92
2012.5.4,22.01
2012.5.7,22.04
2012.5.8,22.09
2012.5.9,22.18
2012.5.10,22.2
2012.5.11,22.24
2012.5.14,22.335
2012.5.15,22.52
2012.5.16,22.57
2012.5.17,22.55
2012.5.18,22.46
2012.5.21,22.39
2012.5.22,22.62
2012.5.23,22.7
2012.5.24,22.79
2012.5.25,22.82
2012.5.29,22.8
2012.5.30,22.98
2012.5.31,22.99
2012.6.1,22.92
2012.6.4,22.82
2012.6.5,22.9
2012.6.6,22.71
2012.6.7,22.74
2012.6.8,22.81
2012.6.11,22.84
2012.6.12,22.76
2012.6.13,22.69
2012.6.14,22.6
2012.6.15,22.5
2012.6.18,22.6
2012.6.19,22.43
2012.6.20,22.46
2012.6.21,22.7
2012.6.22,22.65
2012.6.25,22.72
2012.6.26,22.68
2012.6.27,22.75
2012.6.28,22.78
2012.6.29,22.47
2012.7.2,22.52
2012.7.3,22.5
2012.7.5,22.8
2012.7.6,22.95
2012.7.9,22.88
2012.7.10,22.96
2012.7.11,22.98
2012.7.12,23.03
2012.7.13,22.93
2012.7.16,22.86
2012.7.17,22.84
2012.7.18,22.82
2012.7.19,22.81
2012.7.20,22.98
2012.7.23,23.01
2012.7.24,23.1
2012.7.25,22.98
2012.7.26,22.75
2012.7.27,22.74
2012.7.30,22.77
2012.7.31,22.71
2012.8.1,22.87
2012.8.2,22.91
2012.8.3,22.63
2012.8.6,22.6
2012.8.7,22.6
2012.8.8,22.64
2012.8.9,22.72
2012.8.10,22.68
2012.8.13,22.65
2012.8.14,22.66
2012.8.15,22.72
2012.8.16,22.64
2012.8.17,22.68
2012.8.20,22.65
2012.8.21,22.5
2012.8.22,22.39
2012.8.23,22.35
2012.8.24,22.42
2012.8.27,22.44
2012.8.28,22.35
2012.8.29,22.39
2012.8.30,22.44
2012.8.31,22.3
2012.9.4,22.33
2012.9.5,22.31
2012.9.6,22.25
2012.9.7,22.01
2012.9.10,22.08
2012.9.11,21.91
2012.9.12,21.89
2012.9.13,21.75
2012.9.14,21.64
2012.9.17,21.67
2012.9.18,21.74
2012.9.19,21.67
2012.9.20,21.77
2012.9.21,21.75
2012.9.24,21.8
2012.9.25,21.84
2012.9.26,21.88
2012.9.27,21.815
2012.9.28,21.92
2012.10.1,21.87
2012.10.2,21.85
2012.10.3,21.91
2012.10.4,21.755
2012.10.5,21.76
2012.10.8,21.81
2012.10.9,21.95
2012.10.10,21.9
2012.10.11,21.86
2012.10.12,21.83
2012.10.15,21.84
2012.10.16,21.75
2012.10.17,21.64
2012.10.18,21.73
2012.10.19,21.81
2012.10.22,21.81
2012.10.23,21.91
2012.10.24,21.91
2012.10.25,21.93
2012.10.26,21.93
2012.10.31,21.89
2012.11.1,21.92
2012.11.2,22.07
2012.11.5,22.12
2012.11.6,22.09
2012.11.7,22.13
2012.11.8,22.13
2012.11.9,22.18
2012.11.12,22.19
2012.11.13,22.21
2012.11.14,22.2
2012.11.15,22.2
2012.11.16,22.24
2012.11.19,22.14
2012.11.20,22.13
2012.11.21,22.14
2012.11.23,21.93
2012.11.26,21.94
2012.11.27,22.01
2012.11.28,21.97
2012.11.29,21.94
2012.11.30,21.92
2012.12.3,21.85
2012.12.4,21.78
2012.12.5,21.83
2012.12.6,21.95
2012.12.7,21.985
2012.12.10,21.96
2012.12.11,21.88
2012.12.12,21.84
2012.12.13,21.86
2012.12.14,21.75
2012.12.17,21.75
2012.12.18,21.68
2012.12.19,21.67
2012.12.20,21.65
2012.12.21,21.76
2012.12.24,21.76
2012.12.26,21.76
2012.12.27,21.76
2012.12.28,21.78
2012.12.31,21.81
2013.1.2,21.81
2013.1.3,21.99
2013.1.4,21.99
2013.1.7,21.92
2013.1.8,21.95
2013.1.9,22.02
2013.1.10,21.8
2013.1.11,21.74
2013.1.14,21.71
2013.1.15,21.77
2013.1.16,21.79
2013.1.17,21.75
2013.1.18,21.85
2013.1.22,21.83
2013.1.23,21.83
2013.1.24,21.83
2013.1.25,21.78
2013.1.28,21.79
2013.1.29,21.73
2013.1.30,21.64
2013.1.31,21.62
2013.2.1,21.6
2013.2.4,21.71
2013.2.5,21.7
2013.2.6,21.77
2013.2.7,21.89
2013.2.8,21.9
2013.2.11,21.92
2013.2.12,21.87
2013.2.13,21.88
2013.2.14,21.94
2013.2.15,21.96
2013.2.19,21.97
2013.2.20,22.13
2013.2.21,22.22
2013.2.22,22.23
2013.2.25,22.32
2013.2.26,22.34
2013.2.27,22.25
2013.2.28,22.37
2013.3.1,22.44
2013.3.4,22.43
2013.3.5,22.4
2013.3.6,22.49
2013.3.7,22.39
2013.3.8,22.56
2013.3.11,22.51
2013.3.12,22.5
2013.3.13,22.59
2013.3.14,22.5
2013.3.15,22.4
2013.3.18,22.54
2013.3.19,22.61
2013.3.20,22.56
2013.3.21,22.5555
2013.3.22,22.42
2013.3.25,22.58
2013.3.26,22.57
2013.3.27,22.66
2013.3.28,22.6
2013.4.1,22.52
2013.4.2,22.57
2013.4.3,22.52
2013.4.4,22.49
2013.4.5,22.45
2013.4.8,22.51
2013.4.9,22.41
2013.4.10,22.43
2013.4.11,22.37
2013.4.12,22.34
2013.4.15,22.41
2013.4.16,22.23
2013.4.17,22.47
2013.4.18,22.46
2013.4.19,22.5
2013.4.22,22.49
2013.4.23,22.57
2013.4.24,22.56
2013.4.25,22.51
2013.4.26,22.41
2013.4.29,22.31
2013.4.30,22.2
2013.5.1,22.18
2013.5.2,22.33
2013.5.3,22.32
2013.5.6,22.37
2013.5.7,22.37
2013.5.8,22.265
2013.5.9,22.48
2013.5.10,22.6
2013.5.13,22.64
2013.5.14,22.73
2013.5.15,22.79
2013.5.16,22.7834
2013.5.17,22.92
2013.5.20,22.78
2013.5.21,22.79
2013.5.22,22.89
2013.5.23,22.74
2013.5.24,22.71
2013.5.28,22.87
2013.5.29,22.7
2013.5.30,22.55
2013.5.31,22.61
2013.6.3,22.45
2013.6.4,22.46
2013.6.5,22.42
2013.6.6,22.13
2013.6.7,22.16
2013.6.10,22.17
2013.6.11,21.98
2013.6.12,21.97
2013.6.13,21.9
2013.6.14,21.88
2013.6.17,21.84
2013.6.18,21.86
2013.6.19,22.06
2013.6.20,22.19
2013.6.21,22.34
2013.6.24,22.36
2013.6.25,22.4
2013.6.26,22.52
2013.6.27,22.51
2013.6.28,22.56
2013.7.1,22.51
2013.7.2,22.66
2013.7.3,22.57
2013.7.5,22.9
2013.7.8,22.84
2013.7.9,22.93
2013.7.10,22.78
2013.7.11,22.415
2013.7.12,22.47
2013.7.15,22.49
2013.7.16,22.325
2013.7.17,22.38
2013.7.18,22.42
2013.7.19,22.36
2013.7.22,22.26
2013.7.23,22.19
2013.7.24,22.27
2013.7.25,22.12
2013.7.26,22.1
2013.7.29,22.1
2013.7.30,22.15
2013.7.31,22.095
2013.8.1,22.28
2013.8.2,22.16
2013.8.5,22.13
2013.8.6,22.07
2013.8.7,21.98
2013.8.8,21.91
2013.8.9,21.93
2013.8.12,21.99
2013.8.13,22.1
2013.8.14,22.09
2013.8.15,21.94
2013.8.16,21.98
2013.8.19,21.97
2013.8.20,21.87
2013.8.21,21.98
2013.8.22,22.03
2013.8.23,21.99
2013.8.26,21.99
2013.8.27,21.92
2013.8.28,22.01
2013.8.29,22.16
2013.8.30,22.19
2013.9.3,22.26
2013.9.4,22.185
2013.9.5,22.33
2013.9.6,22.2
2013.9.9,22.09
2013.9.10,22.09
2013.9.11,22.01
2013.9.12,22.01
2013.9.13,21.99
2013.9.16,21.94
2013.9.17,21.9
2013.9.18,21.65
2013.9.19,21.675
2013.9.20,21.691
2013.9.23,21.7
2013.9.24,21.74
2013.9.25,21.67
2013.9.26,21.72
2013.9.27,21.64
2013.9.30,21.63
2013.10.1,21.61
2013.10.2,21.53
2013.10.3,21.51
2013.10.4,21.61
2013.10.7,21.55
2013.10.8,21.56
2013.10.9,21.66
2013.10.10,21.7
2013.10.11,21.66
2013.10.14,21.62
2013.10.15,21.7
2013.10.16,21.69
2013.10.17,21.45
2013.10.18,21.45
2013.10.21,21.47
2013.10.22,21.35
2013.10.23,21.36
2013.10.24,21.33
2013.10.25,21.34
2013.10.28,21.375
2013.10.29,21.44
2013.10.30,21.48
2013.10.31,21.625
2013.11.1,21.75
2013.11.4,21.69
2013.11.5,21.74
2013.11.6,21.67
2013.11.7,21.77
2013.11.8,21.895
2013.11.11,21.84
2013.11.12,21.85
2013.11.13,21.8
2013.11.14,21.8
2013.11.15,21.76
2013.11.18,21.73
2013.11.19,21.72
2013.11.20,21.82
2013.11.21,21.815
2013.11.22,21.73
2013.11.25,21.76
2013.11.26,21.69
2013.11.27,21.72
2013.11.29,21.7
2013.12.2,21.77
2013.12.3,21.7
2013.12.4,21.69
2013.12.5,21.58
2013.12.6,21.58
2013.12.9,21.56
2013.12.10,21.5
2013.12.11,21.485
2013.12.12,21.57
2013.12.13,21.58
2013.12.16,21.54
2013.12.17,21.54
2013.12.18,21.63
2013.12.19,21.68
2013.12.20,21.66
2013.12.23,21.62
2013.12.24,21.64
2013.12.26,21.63
2013.12.27,21.59
2013.12.30,21.49
2013.12.31,21.52
2014.1.2,21.65
2014.1.3,21.74
2014.1.6,21.68
2014.1.7,21.735
2014.1.8,21.78
2014.1.9,21.76
2014.1.10,21.67
2014.1.13,21.62
2014.1.14,21.66
2014.1.15,21.76
2014.1.16,21.74
2014.1.17,21.82
2014.1.21,21.78
2014.1.22,21.81
2014.1.23,21.59
2014.1.24,21.62
2014.1.27,21.62
2014.1.28,21.63
2014.1.29,21.63
2014.1.30,21.77
2014.1.31,21.83
2014.2.3,21.76
2014.2.4,21.78
2014.2.5,21.75
2014.2.6,21.72
2014.2.7,21.65
2014.2.10,21.63
2014.2.11,21.63
2014.2.12,21.65
2014.2.13,21.53
2014.2.14,21.49
2014.2.18,21.45
2014.2.19,21.51
2014.2.20,21.54
2014.2.21,21.52
2014.2.24,21.51
2014.2.25,21.48
2014.2.26,21.56
2014.2.27,21.52
2014.2.28,21.38
2014.3.3,21.46
2014.3.4,21.48
2014.3.5,21.47
2014.3.6,21.35
2014.3.7,21.37
2014.3.10,21.38
2014.3.11,21.38
2014.3.12,21.32
2014.3.13,21.33
2014.3.14,21.28
2014.3.17,21.26
2014.3.18,21.27
2014.3.19,21.43
2014.3.20,21.5
2014.3.21,21.47
2014.3.24,21.41
2014.3.25,21.42
2014.3.26,21.42
2014.3.27,21.48
2014.3.28,21.48
2014.3.31,21.46
2014.4.1,21.46
2014.4.2,21.5
2014.4.3,21.56
2014.4.4,21.54
2014.4.7,21.49
2014.4.8,21.35
2014.4.9,21.27
2014.4.10,21.26
2014.4.11,21.27
2014.4.14,21.33
2014.4.15,21.35
2014.4.16,21.37
2014.4.17,21.37
2014.4.21,21.39
2014.4.22,21.37
2014.4.23,21.37
2014.4.24,21.34
2014.4.25,21.34
2014.4.28,21.32
2014.4.29,21.34
2014.4.30,21.28
2014.5.1,21.27
2014.5.2,21.27
2014.5.5,21.26
2014.5.6,21.16
2014.5.7,21.17
2014.5.8,21.22
2014.5.9,21.35
2014.5.12,21.37
2014.5.13,21.42
2014.5.14,21.41
2014.5.15,21.39
2014.5.16,21.39
2014.5.19,21.39
2014.5.20,21.4
2014.5.21,21.4
2014.5.22,21.44
2014.5.23,21.48
2014.5.27,21.47
2014.5.28,21.53
2014.5.29,21.52
2014.5.30,21.47
2014.6.2,21.55
2014.6.3,21.53
2014.6.4,21.55
2014.6.5,21.46
2014.6.6,21.47
2014.6.9,21.55
2014.6.10,21.59
2014.6.11,21.59
2014.6.12,21.54
2014.6.13,21.54
2014.6.16,21.48
2014.6.17,21.54
2014.6.18,21.47
2014.6.19,21.43
2014.6.20,21.44
2014.6.23,21.4
2014.6.24,21.42
2014.6.25,21.4
2014.6.26,21.41
2014.6.27,21.34
2014.6.30,21.26
2014.7.1,21.27
2014.7.2,21.31
2014.7.3,21.39
2014.7.7,21.4
2014.7.8,21.39
2014.7.9,21.34
2014.7.10,21.37
2014.7.11,21.38
2014.7.14,21.37
2014.7.15,21.44
2014.7.16,21.49
2014.7.17,21.48
2014.7.18,21.48
2014.7.21,21.47
2014.7.22,21.54
2014.7.23,21.55
2014.7.24,21.58
2014.7.25,21.62
2014.7.28,21.62
2014.7.29,21.66
2014.7.30,21.71
2014.7.31,21.74
2014.8.1,21.71
2014.8.4,21.7
2014.8.5,21.75
2014.8.6,21.72
2014.8.7,21.75
2014.8.8,21.7
2014.8.11,21.71
2014.8.12,21.73
2014.8.13,21.75
2014.8.14,21.74
2014.8.15,21.7
2014.8.18,21.74
2014.8.19,21.82
2014.8.20,21.92
2014.8.21,21.89
2014.8.22,21.94
2014.8.25,22
2014.8.26,22.02
2014.8.27,21.97
2014.8.28,21.97
2014.8.29,22.02
2014.9.2,22.09
2014.9.3,22.07
2014.9.4,22.3
2014.9.5,22.3
2014.9.8,22.43
2014.9.9,22.39
2014.9.10,22.43
2014.9.11,22.45
2014.9.12,22.43
2014.9.15,22.43
2014.9.16,22.39
2014.9.17,22.53
2014.9.18,22.43
2014.9.19,22.55
2014.9.22,22.53
2014.9.23,22.53
2014.9.24,22.63
2014.9.25,22.67
2014.9.26,22.8
2014.9.29,22.78
2014.9.30,22.87
2014.10.1,22.85
2014.10.2,22.78
2014.10.3,23.08
2014.10.6,22.82
2014.10.7,22.78
2014.10.8,22.68
2014.10.9,22.75
2014.10.10,22.86
2014.10.13,22.73
2014.10.14,22.83
2014.10.15,22.59
2014.10.16,22.59
2014.10.17,22.66
2014.10.20,22.58
2014.10.21,22.7
2014.10.22,22.8
2014.10.23,22.82
2014.10.24,22.78
2014.10.27,22.72
2014.10.28,22.68
2014.10.29,22.85
2014.10.30,22.91
2014.10.31,23.09
2014.11.3,23.2
2014.11.4,23.14
2014.11.5,23.25
2014.11.6,23.41
2014.11.7,23.27
2014.11.10,23.34
2014.11.11,23.25
2014.11.12,23.33
2014.11.13,23.31
2014.11.14,23.25
2014.11.17,23.37
2014.11.18,23.26
2014.11.19,23.3
2014.11.20,23.27
2014.11.21,23.46
2014.11.24,23.4
2014.11.25,23.35
2014.11.26,23.28
2014.11.28,23.47
2014.12.1,23.36
2014.12.2,23.545
2014.12.3,23.62
2014.12.4,23.53
2014.12.5,23.71
2014.12.8,23.66
2014.12.9,23.55
2014.12.10,23.42
2014.12.11,23.51
2014.12.12,23.43
2014.12.15,23.48
2014.12.16,23.31
2014.12.17,23.6
2014.12.18,23.67
2014.12.19,23.77
2014.12.22,23.79
2014.12.23,23.91
2014.12.24,23.88
2014.12.26,23.89
2014.12.29,23.95
2014.12.30,23.89
2014.12.31,23.97
2015.1.2,24.2
2015.1.5,24.25
2015.1.6,24.3
2015.1.7,24.39
2015.1.8,24.49
2015.1.9,24.38
2015.1.12,24.38
2015.1.13,24.45
2015.1.14,24.4
2015.1.15,24.48
2015.1.16,24.59
2015.1.20,24.69
2015.1.21,24.62
2015.1.22,24.99
2015.1.23,25.21
2015.1.26,25.17
2015.1.27,24.93
2015.1.28,25.08
2015.1.29,25.1
2015.1.30,25.13
2015.2.2,25.08
2015.2.3,24.79
2015.2.4,24.94
2015.2.5,24.76
2015.2.6,25.06
2015.2.9,25.04
2015.2.10,25.07
2015.2.11,25.16
2015.2.12,24.92
2015.2.13,24.91
2015.2.17,24.88
2015.2.18,24.89
2015.2.19,24.98
2015.2.20,24.96
2015.2.23,25.03
2015.2.24,24.98
2015.2.25,24.93
2015.2.26,25.19
2015.2.27,25.2
2015.3.2,25.25
2015.3.3,25.24
2015.3.4,25.37
2015.3.5,25.49
2015.3.6,25.8
2015.3.9,25.8
2015.3.10,26.07
2015.3.11,26.36
2015.3.12,26.22
2015.3.13,26.49
2015.3.16,26.29
2015.3.17,26.3
2015.3.18,25.78
2015.3.19,26.17
2015.3.20,25.82
2015.3.23,25.54
2015.3.24,25.62
2015.3.25,25.55
2015.3.26,25.64
2015.3.27,25.66
2015.3.30,25.86
2015.3.31,25.9
2015.4.1,25.91
2015.4.2,25.71
2015.4.6,25.51
2015.4.7,25.8
2015.4.8,25.84
2015.4.9,26.11
2015.4.10,26.17
2015.4.13,26.21
2015.4.14,26.01
2015.4.15,25.89
2015.4.16,25.69
2015.4.17,25.63
2015.4.20,25.78
2015.4.21,25.81
2015.4.22,25.81
2015.4.23,25.62
2015.4.24,25.52
2015.4.27,25.44
2015.4.28,25.28
2015.4.29,25.06
2015.4.30,24.91
2015.5.1,25.03
2015.5.4,25.1
2015.5.5,25.03
2015.5.6,24.75
2015.5.7,24.88
2015.5.8,24.91
2015.5.11,24.99
2015.5.12,24.85
2015.5.13,24.63
2015.5.14,24.55
2015.5.15,24.51
2015.5.18,24.75
2015.5.19,25.04
2015.5.20,25.09
2015.5.21,25.05
2015.5.22,25.28
2015.5.26,25.56
2015.5.27,25.57
2015.5.28,25.5
2015.5.29,25.46
2015.6.1,25.61
2015.6.2,25.22
2015.6.3,25.05
2015.6.4,25.08
2015.6.5,25.3
2015.6.8,25.01
2015.6.9,24.98
2015.6.10,24.84
2015.6.11,24.91
2015.6.12,24.89
2015.6.15,24.87
2015.6.16,24.92
2015.6.17,24.7
2015.6.18,24.62
2015.6.19,24.68
2015.6.22,24.73
2015.6.23,25.02
2015.6.24,24.97
2015.6.25,24.93
2015.6.26,25
2015.6.29,24.86
2015.6.30,25.03
2015.7.1,25.23
2015.7.2,25.17
2015.7.6,25.22
2015.7.7,25.3
2015.7.8,25.2
2015.7.9,25.28
2015.7.10,25.1
2015.7.13,25.35
2015.7.14,25.31
2015.7.15,25.42
2015.7.16,25.56
2015.7.17,25.62
2015.7.20,25.63
2015.7.21,25.45
2015.7.22,25.51
2015.7.23,25.41
2015.7.24,25.45
2015.7.27,25.25
2015.7.28,25.27
2015.7.29,25.41
2015.7.30,25.51
2015.7.31,25.43
2015.8.3,25.49
2015.8.4,25.62
2015.8.5,25.61
2015.8.6,25.56
2015.8.7,25.52
2015.8.10,25.4
2015.8.11,25.4
2015.8.12,25.13
2015.8.13,25.17
2015.8.14,25.24
2015.8.17,25.28
2015.8.18,25.34
2015.8.19,25.18
2015.8.20,25.04
2015.8.21,24.8
2015.8.24,24.39
2015.8.25,24.56
2015.8.26,24.86
2015.8.27,25.02
2015.8.28,25.1
2015.8.31,25.06
2015.9.1,24.91
2015.9.2,25.04
2015.9.3,25.16
2015.9.4,25.13
2015.9.8,25.04
2015.9.9,25.04
2015.9.10,24.94
2015.9.11,24.83
2015.9.14,24.84
2015.9.15,24.94
2015.9.16,24.87
2015.9.17,24.61
2015.9.18,24.86
2015.9.21,25.01
2015.9.22,25.12
2015.9.23,25.12
2015.9.24,25.04
2015.9.25,25.08
2015.9.28,25.05
2015.9.29,25.01
2015.9.30,25.1
2015.10.1,25.09
2015.10.2,25.03
2015.10.5,25.04
2015.10.6,24.87
2015.10.7,24.9
2015.10.8,24.84
2015.10.9,24.72
2015.10.12,24.7
2015.10.13,24.66
2015.10.14,24.45
2015.10.15,24.61
2015.10.16,24.65
2015.10.19,24.72
2015.10.20,24.7
2015.10.21,24.73
2015.10.22,25.09
2015.10.23,25.3
2015.10.26,25.22
2015.10.27,25.24
2015.10.28,25.45
2015.10.29,25.34
2015.10.30,25.25
2015.11.2,25.23
2015.11.3,25.3
2015.11.4,25.51
2015.11.5,25.53
2015.11.6,25.83
2015.11.9,25.78
2015.11.10,25.85
2015.11.11,25.78
2015.11.12,25.67
2015.11.13,25.76
2015.11.16,25.9
2015.11.17,25.94
2015.11.18,25.94
2015.11.19,25.76
2015.11.20,25.94
2015.11.23,25.98
2015.11.24,25.93
2015.11.25,25.98
2015.11.27,26.02
2015.11.30,26.08
2015.12.1,25.96
2015.12.2,26.02
2015.12.3,25.4
2015.12.4,25.58
2015.12.7,25.66
2015.12.8,25.58
2015.12.9,25.31
2015.12.10,25.45
2015.12.11,25.35
2015.12.14,25.4
2015.12.15,25.54
2015.12.16,25.54
2015.12.17,25.78
2015.12.18,25.63
2015.12.21,25.54
2015.12.22,25.5
2015.12.23,25.54
2015.12.24,25.48
2015.12.28,25.45
2015.12.29,25.52
2015.12.30,25.52
2015.12.31,25.65
2016.1.4,25.69
2016.1.5,25.84
2016.1.6,25.77
2016.1.7,25.51
2016.1.8,25.56
2016.1.11,25.68
2016.1.12,25.72
2016.1.13,25.68
2016.1.14,25.75
2016.1.15,25.69
2016.1.19,25.74
2016.1.20,25.75
2016.1.21,25.72
2016.1.22,25.86
2016.1.25,25.78
2016.1.26,25.73
2016.1.27,25.71
2016.1.28,25.59
2016.1.29,25.86
2016.2.1,25.69
2016.2.2,25.67
2016.2.3,25.23
2016.2.4,25.06
2016.2.5,25.17
2016.2.8,25.11
2016.2.9,24.93
2016.2.10,24.88
2016.2.11,24.81
2016.2.12,24.92
2016.2.16,25.14
2016.2.17,25.13
2016.2.18,25.14
2016.2.19,25.07
2016.2.22,25.26
2016.2.23,25.27
2016.2.24,25.29
2016.2.25,25.27
2016.2.26,25.44
2016.2.29,25.49
2016.3.1,25.5
2016.3.2,25.48
2016.3.3,25.32
2016.3.4,25.25
2016.3.7,25.2
2016.3.8,25.21
2016.3.9,25.22
2016.3.10,24.97
2016.3.11,24.95
2016.3.14,25.05
2016.3.15,25.07
2016.3.16,24.8
2016.3.17,24.58
2016.3.18,24.64
2016.3.21,24.72
2016.3.22,24.79
2016.3.23,24.92
2016.3.24,24.93
2016.3.28,24.88
2016.3.29,24.66
2016.3.30,24.58
2016.3.31,24.54
2016.4.1,24.53
2016.4.4,24.51
2016.4.5,24.53
2016.4.6,24.48
2016.4.7,24.51
2016.4.8,24.42
2016.4.11,24.36
2016.4.12,24.36
2016.4.13,24.55
2016.4.14,24.61
2016.4.15,24.54
2016.4.18,24.49
2016.4.19,24.37
2016.4.20,24.51
2016.4.21,24.51
2016.4.22,24.65
2016.4.25,24.57
2016.4.26,24.5
2016.4.27,24.47
2016.4.28,24.27
2016.4.29,24.1
2016.5.2,24.01
2016.5.3,24.08
2016.5.4,24.17
2016.5.5,24.29
2016.5.6,24.32
2016.5.9,24.39
2016.5.10,24.41
2016.5.11,24.29
2016.5.12,24.38
2016.5.13,24.49
2016.5.16,24.48
2016.5.17,24.48
2016.5.18,24.65
2016.5.19,24.69
2016.5.20,24.69
2016.5.23,24.68
2016.5.24,24.76
2016.5.25,24.69
2016.5.26,24.65
2016.5.27,24.79
2016.5.31,24.84
2016.6.1,24.7
2016.6.2,24.73
2016.6.3,24.34
2016.6.6,24.34
2016.6.7,24.3
2016.6.8,24.23
2016.6.9,24.34
2016.6.10,24.5
2016.6.13,24.44
2016.6.14,24.59
2016.6.15,24.53
2016.6.16,24.5
2016.6.17,24.39
2016.6.20,24.25
2016.6.21,24.37
2016.6.22,24.26
2016.6.23,24.15
2016.6.24,24.78
2016.6.27,24.9925
2016.6.28,24.87
2016.6.29,24.79
2016.6.30,24.84
2016.7.1,24.76
2016.7.5,24.93
2016.7.6,24.86
2016.7.7,24.92
2016.7.8,24.93
2016.7.11,25
2016.7.12,24.98
2016.7.13,24.92
2016.7.14,24.86
2016.7.15,24.96
2016.7.18,24.98
2016.7.19,25.1
2016.7.20,25.12
2016.7.21,25.08
2016.7.22,25.21
2016.7.25,25.17
2016.7.26,25.14
2016.7.27,25.02
2016.7.28,25.01
2016.7.29,24.67
2016.8.1,24.74
2016.8.2,24.57
2016.8.3,24.71
2016.8.4,24.75
2016.8.5,24.88
2016.8.8,24.9
2016.8.9,24.85
2016.8.10,24.72
2016.8.11,24.79
2016.8.12,24.75
2016.8.15,24.71
2016.8.16,24.49
2016.8.17,24.51
2016.8.18,24.33
2016.8.19,24.42
2016.8.22,24.45
2016.8.23,24.43
2016.8.24,24.5
2016.8.25,24.5
2016.8.26,24.68
2016.8.29,24.7
2016.8.30,24.83
2016.8.31,24.82
2016.9.1,24.73
2016.9.2,24.79
2016.9.6,24.5
2016.9.7,24.54
2016.9.8,24.57
2016.9.9,24.64
2016.9.12,24.6
2016.9.13,24.7
2016.9.14,24.64
2016.9.15,24.63
2016.9.16,24.83
2016.9.19,24.77
2016.9.20,24.81
2016.9.21,24.7
2016.9.22,24.67
2016.9.23,24.68
2016.9.26,24.63
2016.9.27,24.65
2016.9.28,24.67
2016.9.29,24.69
2016.9.30,24.68
2016.10.3,24.73
2016.10.4,24.84
2016.10.5,24.87
2016.10.6,25
2016.10.7,24.96
2016.10.10,25.06
2016.10.11,25.25
2016.10.12,25.32
2016.10.13,25.23
2016.10.14,25.36
2016.10.17,25.3
2016.10.18,25.32
2016.10.19,25.33
2016.10.20,25.41
2016.10.21,25.5
2016.10.24,25.53
2016.10.25,25.52
2016.10.26,25.51
2016.10.27,25.56
2016.10.28,25.41
2016.10.31,25.42
2016.11.1,25.29
2016.11.2,25.2
2016.11.3,25.13
2016.11.4,25.06
2016.11.7,25.27
2016.11.8,25.34
2016.11.9,25.5
2016.11.10,25.55
2016.11.11,25.59
2016.11.14,25.84
2016.11.15,25.88
2016.11.16,25.95
2016.11.17,26.1
2016.11.18,26.19
2016.11.21,26.09
2016.11.22,26.13
2016.11.23,26.29
2016.11.25,26.24
2016.11.28,26.17
2016.11.29,26.11
2016.11.30,26.25
2016.12.1,26.11
2016.12.2,26.05
2016.12.5,25.88
2016.12.6,25.98
2016.12.7,25.9
2016.12.8,26.13
2016.12.9,26.24
2016.12.12,26.09
2016.12.13,26.12
2016.12.14,26.37
2016.12.15,26.66
2016.12.16,26.57
2016.12.19,26.65
2016.12.20,26.7
2016.12.21,26.62
2016.12.22,26.65
2016.12.23,26.63
2016.12.27,26.62
2016.12.28,26.69
2016.12.29,26.54
2016.12.30,26.46
2017.1.3,26.7
2017.1.4,26.5
2017.1.5,26.22
2017.1.6,26.41
2017.1.9,26.34
2017.1.10,26.35
2017.1.11,26.29
2017.1.12,26.19
2017.1.13,26.16
2017.1.17,25.92
2017.1.18,26.16
2017.1.19,26.12
2017.1.20,26.03
2017.1.23,25.89
2017.1.24,25.9
2017.1.25,25.81
2017.1.26,25.98
2017.1.27,25.99
2017.1.30,25.94
2017.1.31,25.73
2017.2.1,25.75
2017.2.2,25.79
2017.2.3,25.78
2017.2.6,25.8
2017.2.7,25.93
2017.2.8,25.9
2017.2.9,26
2017.2.10,26.03
2017.2.13,26.09
2017.2.14,26.15
2017.2.15,26.1
2017.2.16,25.95
2017.2.17,26.08
2017.2.21,26.2
2017.2.22,26.14
2017.2.23,26.08
2017.2.24,26.13
2017.2.27,26.13
2017.2.28,26.11
2017.3.1,26.29
2017.3.2,26.4
2017.3.3,26.17
2017.3.6,26.26
2017.3.7,26.29
2017.3.8,26.38
2017.3.9,26.33
2017.3.10,26.15
2017.3.13,26.19
2017.3.14,26.28
2017.3.15,25.97
2017.3.16,25.88
2017.3.17,25.89
2017.3.20,25.8976
2017.3.21,25.74
2017.3.22,25.72
2017.3.23,25.75
2017.3.24,25.74
2017.3.27,25.6
2017.3.28,25.74
2017.3.29,25.79
2017.3.30,25.96
2017.3.31,25.95
2017.4.3,25.95
2017.4.4,25.98
2017.4.5,25.97
2017.4.6,26.03
2017.4.7,26.15
2017.4.10,26.1
2017.4.11,26.02
2017.4.12,25.89
2017.4.13,25.98
2017.4.17,25.91
2017.4.18,25.69
2017.4.19,25.78
2017.4.20,25.79
2017.4.21,25.81
2017.4.24,25.57
2017.4.25,25.5
2017.4.26,25.56
2017.4.27,25.6
2017.4.28,25.57
2017.5.1,25.59
2017.5.2,25.55
2017.5.3,25.65
2017.5.4,25.49
2017.5.5,25.45
2017.5.8,25.59
2017.5.9,25.72
2017.5.10,25.73
2017.5.11,25.74
2017.5.12,25.61
2017.5.15,25.54
2017.5.16,25.35
2017.5.17,25.18
2017.5.18,25.27
2017.5.19,25.09
2017.5.22,25.05
2017.5.23,25.16
2017.5.24,25.08
2017.5.25,25.11
2017.5.26,25.17
2017.5.30,25.14
2017.5.31,25.08
2017.6.1,25.11
2017.6.2,24.99
2017.6.5,25.01
2017.6.6,24.95
2017.6.7,24.98
2017.6.8,25.07
2017.6.9,25.15
2017.6.12,25.11
2017.6.13,25.08
2017.6.14,25.06
2017.6.15,25.21
2017.6.16,25.12
2017.6.19,25.23
2017.6.20,25.27
2017.6.21,25.22
2017.6.22,25.23
2017.6.23,25.15
2017.6.26,25.19
2017.6.27,24.91
2017.6.28,24.83
2017.6.29,24.71
2017.6.30,24.75
2017.7.3,24.9
2017.7.5,24.91
2017.7.6,24.8
2017.7.7,24.84
2017.7.10,24.85
2017.7.11,24.76
2017.7.12,24.76
2017.7.13,24.77
2017.7.14,24.62
2017.7.17,24.62
2017.7.18,24.49
2017.7.19,24.55
2017.7.20,24.4
2017.7.21,24.32
2017.7.24,24.33
2017.7.25,24.37
2017.7.26,24.23
2017.7.27,24.32
2017.7.28,24.17
2017.7.31,24.07
2017.8.1,24.11
2017.8.2,24.08
2017.8.3,24.02
2017.8.4,24.23
2017.8.7,24.22
2017.8.8,24.26
2017.8.9,24.24
2017.8.10,24.2
2017.8.11,24.11
2017.8.14,24.21
2017.8.15,24.32
2017.8.16,24.24
2017.8.17,24.29
2017.8.18,24.21
2017.8.21,24.14
2017.8.22,24.24
2017.8.23,24.14
2017.8.24,24.19
2017.8.25,23.99
2017.8.28,23.92
2017.8.29,23.95
2017.8.30,24.1
2017.8.31,24.03
2017.9.1,24.08
2017.9.5,23.95
2017.9.6,23.93
2017.9.7,23.76
2017.9.8,23.7
2017.9.11,23.86
2017.9.12,23.85
2017.9.13,23.99
2017.9.14,23.92
2017.9.15,23.84
2017.9.18,23.9
2017.9.19,23.83
2017.9.20,24.02
2017.9.21,23.95
2017.9.22,23.93
2017.9.25,24.07
2017.9.26,24.15
2017.9.27,24.27
2017.9.28,24.2
2017.9.29,24.18
2017.10.2,24.32
2017.10.3,24.31
2017.10.4,24.28
2017.10.5,24.41
2017.10.6,24.37
2017.10.9,24.33
2017.10.10,24.2
2017.10.11,24.13
2017.10.12,24.18
2017.10.13,24.18
2017.10.16,24.24
2017.10.17,24.3
2017.10.18,24.27
2017.10.19,24.21
2017.10.20,24.35
2017.10.23,24.38
2017.10.24,24.42
2017.10.25,24.36
2017.10.26,24.62
2017.10.27,24.68
2017.10.30,24.56
2017.10.31,24.58
2017.11.1,24.63
2017.11.2,24.63
2017.11.3,24.69
2017.11.6,24.63
2017.11.7,24.67
2017.11.8,24.66
2017.11.9,24.56
2017.11.10,24.54
2017.11.13,24.56
2017.11.14,24.39
2017.11.15,24.38
2017.11.16,24.41
2017.11.17,24.34
2017.11.20,24.46
2017.11.21,24.43
2017.11.22,24.24
2017.11.24,24.13
2017.11.27,24.16
2017.11.28,24.26
2017.11.29,24.25
2017.11.30,24.19
2017.12.1,24.17
2017.12.4,24.25
2017.12.5,24.29
2017.12.6,24.35
2017.12.7,24.4
2017.12.8,24.44
2017.12.11,24.44
2017.12.12,24.48
2017.12.13,24.31
2017.12.14,24.33
2017.12.15,24.43
2017.12.18,24.37
2017.12.19,24.3
2017.12.20,24.27
2017.12.21,24.26
2017.12.22,24.27
2017.12.26,24.25
2017.12.27,24.2
2017.12.28,24.13
2017.12.29,24.03
2018.1.2,23.93
2018.1.3,24.02
2018.1.4,23.94
2018.1.5,23.96
2018.1.8,24.07
2018.1.9,24.12
2018.1.10,24.06
2018.1.11,23.96
2018.1.12,23.71
2018.1.16,23.58
2018.1.17,23.64
2018.1.18,23.61
2018.1.19,23.65
2018.1.22,23.57
2018.1.23,23.51
2018.1.24,23.28
2018.1.25,23.31
2018.1.26,23.26
2018.1.29,23.32
2018.1.30,23.28
2018.1.31,23.25
2018.2.1,23.13
2018.2.2,23.27
2018.2.5,23.37
2018.2.6,23.42
2018.2.7,23.6
2018.2.8,23.6
2018.2.9,23.62
2018.2.12,23.54
2018.2.13,23.41
2018.2.14,23.23
2018.2.15,23.13
2018.2.16,23.29
2018.2.20,23.44
2018.2.21,23.53
2018.2.22,23.45
2018.2.23,23.5
2018.2.26,23.47
2018.2.27,23.62
2018.2.28,23.69
2018.3.1,23.61
2018.3.2,23.51
2018.3.5,23.51
2018.3.6,23.45
2018.3.7,23.43
2018.3.8,23.58
2018.3.9,23.55
2018.3.12,23.52
2018.3.13,23.46
2018.3.14,23.47
2018.3.15,23.56
2018.3.16,23.62
2018.3.19,23.52
2018.3.20,23.66
2018.3.21,23.47
2018.3.22,23.5
2018.3.23,23.42
2018.3.26,23.31
2018.3.27,23.42
2018.3.28,23.63
2018.3.29,23.61
2018.4.2,23.6
2018.4.3,23.64
2018.4.4,23.63
2018.4.5,23.72
2018.4.6,23.63
2018.4.9,23.57
2018.4.10,23.51
2018.4.11,23.49
2018.4.12,23.54
2018.4.13,23.54
2018.4.16,23.46
2018.4.17,23.46
2018.4.18,23.51
2018.4.19,23.58
2018.4.20,23.72
2018.4.23,23.87
2018.4.24,23.84
2018.4.25,23.94
2018.4.26,24.05
2018.4.27,24.03
2018.4.30,24.13
2018.5.1,24.29
2018.5.2,24.4
2018.5.3,24.3
2018.5.4,24.33
2018.5.7,24.38
2018.5.8,24.47
2018.5.9,24.47
2018.5.10,24.36
2018.5.11,24.32
2018.5.14,24.35
2018.5.15,24.5
2018.5.16,24.56
2018.5.17,24.59
2018.5.18,24.64
2018.5.21,24.62
2018.5.22,24.61
2018.5.23,24.71
2018.5.24,24.68
2018.5.25,24.8
2018.5.29,24.97
2018.5.30,24.78
2018.5.31,24.76
2018.6.1,24.8
2018.6.4,24.78
2018.6.5,24.75
2018.6.6,24.68
2018.6.7,24.63
2018.6.8,24.64
2018.6.11,24.66
2018.6.12,24.71
2018.6.13,24.67
2018.6.14,24.99
2018.6.15,24.97
2018.6.18,24.97
2018.6.19,25.04
2018.6.20,25.06
2018.6.21,24.99
2018.6.22,24.9
2018.6.25,24.86
2018.6.26,24.99
2018.6.27,25.14
2018.6.28,25.14
2018.6.29,24.94
2018.7.2,25.06
2018.7.3,24.98
2018.7.5,24.9
2018.7.6,24.82
2018.7.9,24.83
2018.7.10,24.84
2018.7.11,25.01
2018.7.12,25.03
2018.7.13,25
2018.7.16,24.96
2018.7.17,25.07
2018.7.18,25.1
2018.7.19,25.15
2018.7.20,24.95
2018.7.23,24.99
2018.7.24,25
2018.7.25,24.88
2018.7.26,25.05
2018.7.27,25.02
2018.7.30,24.93
2018.7.31,24.98
2018.8.1,25.01
2018.8.2,25.15
2018.8.3,25.17
2018.8.6,25.21
2018.8.7,25.18
2018.8.8,25.15
2018.8.9,25.3
2018.8.10,25.48
2018.8.13,25.49
2018.8.14,25.59
2018.8.15,25.59
2018.8.16,25.57
2018.8.17,25.44
2018.8.20,25.38
2018.8.21,25.23
2018.8.22,25.16
2018.8.23,25.32
2018.8.24,25.2
2018.8.27,25.1
2018.8.28,25.1
2018.8.29,25.06
2018.8.30,25.08
2018.8.31,25.19
2018.9.4,25.3
2018.9.5,25.21
2018.9.6,25.21
2018.9.7,25.28
2018.9.10,25.23
2018.9.11,25.25
2018.9.12,25.16
2018.9.13,25.09
2018.9.14,25.18
2018.9.17,25.06
2018.9.18,25.1
2018.9.19,25.09
2018.9.20,24.91
2018.9.21,24.99
2018.9.24,24.99
2018.9.25,25.01
2018.9.26,25.02
2018.9.27,25.2
2018.9.28,25.26
2018.10.1,25.3
2018.10.2,25.34
2018.10.3,25.42
2018.10.4,25.43
2018.10.5,25.4
2018.10.8,25.43
2018.10.9,25.42
2018.10.10,25.39
2018.10.11,25.25
2018.10.12,25.33
2018.10.15,25.27
2018.10.16,25.28
2018.10.17,25.41
2018.10.18,25.52
2018.10.19,25.47
2018.10.22,25.56
2018.10.23,25.52
2018.10.24,25.65
2018.10.25,25.72
2018.10.26,25.65
2018.10.29,25.72
2018.10.30,25.83
2018.10.31,25.82
2018.11.1,25.65
2018.11.2,25.71
2018.11.5,25.7
2018.11.6,25.64
2018.11.7,25.59
2018.11.8,25.74
2018.11.9,25.79
2018.11.12,26.02
2018.11.13,25.93
2018.11.14,25.84
2018.11.15,25.9
2018.11.16,25.71
2018.11.19,25.69
2018.11.20,25.82
2018.11.21,25.82
2018.11.23,25.87
2018.11.26,25.92
2018.11.27,25.99
2018.11.28,25.86
2018.11.29,25.82
2018.11.30,25.92
2018.12.3,25.93
2018.12.4,25.88
2018.12.6,25.87
2018.12.7,25.8
2018.12.10,25.97
2018.12.11,26.04
2018.12.12,25.94
2018.12.13,25.94
2018.12.14,26.04
2018.12.17,25.97
2018.12.18,25.96
2018.12.19,25.97
2018.12.20,25.77
2018.12.21,25.94
2018.12.24,25.55
2018.12.26,25.68
2018.12.27,25.57
2018.12.28,25.5
2018.12.31,25.45
2019.1.2,25.64
2019.1.3,25.5
2019.1.4,25.46
2019.1.7,25.35
2019.1.8,25.43
2019.1.9,25.19
2019.1.10,25.34
2019.1.11,25.36
2019.1.14,25.36
2019.1.15,25.45
2019.1.16,25.48
2019.1.17,25.48
2019.1.18,25.56
2019.1.22,25.56
2019.1.23,25.5
2019.1.24,25.65
2019.1.25,25.44
2019.1.28,25.46
2019.1.29,25.47
2019.1.30,25.34
2019.1.31,25.39
2019.2.1,25.39
2019.2.4,25.46
2019.2.5,25.53
2019.2.6,25.63
2019.2.7,25.69
2019.2.8,25.72
2019.2.11,25.82
2019.2.12,25.73
2019.2.13,25.87
2019.2.14,25.84
2019.2.15,25.79
2019.2.19,25.69
2019.2.20,25.71
2019.2.21,25.73
2019.2.22,25.72
2019.2.25,25.7
2019.2.26,25.6
2019.2.27,25.62
2019.2.28,25.64
2019.3.1,25.74
2019.3.4,25.77
2019.3.5,25.84
2019.3.6,25.84
2019.3.7,26.07
2019.3.8,25.99
2019.3.11,25.93
2019.3.12,25.88
2019.3.13,25.76
2019.3.14,25.84
2019.3.15,25.8
2019.3.18,25.77
2019.3.19,25.74
2019.3.20,25.59
2019.3.21,25.75
2019.3.22,25.8
2019.3.25,25.8
2019.3.26,25.88
2019.3.27,25.91
2019.3.28,26
2019.3.29,26.03
2019.4.1,26.01
2019.4.2,26.04
2019.4.3,26
2019.4.4,26.03
2019.4.5,26.06
2019.4.8,25.97
2019.4.9,25.98
2019.4.10,25.94
2019.4.11,26.02
2019.4.12,25.96
2019.4.15,25.95
2019.4.16,26.01
2019.4.17,25.99
2019.4.18,26.13
2019.4.22,26.07
2019.4.23,26.16
2019.4.24,26.29
2019.4.25,26.34
2019.4.26,26.31
2019.4.29,26.25
2019.4.30,26.17
2019.5.1,26.2
2019.5.2,26.26
2019.5.3,26.16
2019.5.6,26.18
2019.5.7,26.2
2019.5.8,26.21
2019.5.9,26.16
2019.5.10,26.15
2019.5.13,26.15
2019.5.14,26.21
2019.5.15,26.22
2019.5.16,26.29
2019.5.17,26.35
2019.5.20,26.33
2019.5.21,26.37
2019.5.22,26.39
2019.5.23,26.34
2019.5.24,26.25
2019.5.28,26.36
2019.5.29,26.42
2019.5.30,26.43
2019.5.31,26.32
2019.6.3,26.18
2019.6.4,26.15
2019.6.5,26.24
2019.6.6,26.15
2019.6.7,26.04
2019.6.10,26.07
2019.6.11,26.08
2019.6.12,26.15
2019.6.13,26.17
2019.6.14,26.31
2019.6.17,26.32
2019.6.18,26.36
2019.6.19,26.24
2019.6.20,26.08
2019.6.21,25.95
2019.6.24,25.91
2019.6.25,25.97
2019.6.26,25.99
2019.6.27,25.99
2019.6.28,25.97
2019.7.1,26.16
2019.7.2,26.14
2019.7.3,26.14
2019.7.5,26.28
2019.7.8,26.33
2019.7.9,26.35
2019.7.10,26.24