DATE,Open,High,Low,Close,Volume
2017-01-03,116.2831,116.9458,115.8737,116.5072,22307608.0
2017-01-04,116.6339,117.3551,116.6204,117.1407,19749074.0
2017-01-05,117.1115,117.8814,117.053,117.8035,20644254.0
2017-01-06,117.9204,119.1485,117.6232,118.8366,24074305.0
2017-01-09,118.934,119.4409,118.8561,119.2264,18909234.0
2017-01-10,119.2654,119.8502,119.0023,119.4896,16176631.0
2017-01-11,119.5188,119.8112,118.9243,119.8112,20685983.0
2017-01-12,119.3824,119.703,118.515,119.626,19622511.0
2017-01-13,119.6943,120.2401,119.6845,120.0354,16930803.0
2017-01-17,119.6748,119.9087,119.328,119.6748,14538484.0
2017-01-18,119.8405,120.0354,119.5481,119.9184,12499663.0
2017-01-19,120.0646,120.5129,119.6065,119.8599,12710659.0
2017-01-20,120.3765,120.6884,119.8015,120.1231,22091039.0
2017-01-23,120.0354,120.396,119.4603,120.2206,17434167.0
2017-01-24,120.4545,121.2147,120.2544,121.0295,17640869.0
2017-01-25,121.7702,122.277,121.6825,122.2478,15036221.0
2017-01-26,122.4037,122.6279,122.1638,122.3745,16052150.0
2017-01-27,122.6084,122.7265,122.2088,122.6084,15052983.0
2017-01-30,122.1893,122.1991,120.9808,121.6533,25006715.0
2017-01-31,121.2439,121.4388,120.7079,121.4096,19091133.0
2017-02-01,122.238,122.4914,121.6923,122.2478,22861876.0
2017-02-02,122.0334,122.5109,121.6923,122.1406,15101363.0
2017-02-03,122.3063,122.6181,122.1503,122.4914,16957154.0
2017-02-06,122.238,122.6571,122.1698,122.6376,11630139.0
2017-02-07,122.8618,123.3394,122.7741,123.086,17541101.0
2017-02-08,122.9203,123.4661,122.6864,123.2906,12569147.0
2017-02-09,123.4173,124.0119,123.3491,123.739,17542726.0
2017-02-10,123.9729,124.3238,123.7975,124.1483,13915697.0
2017-02-13,124.5187,125.006,124.4796,124.8501,19120150.0
2017-02-14,124.8988,125.274,124.4992,125.2691,16333480.0
2017-02-15,125.1814,126.0683,125.1132,126.0099,17891355.0
2017-02-16,126.0781,126.3412,125.6492,125.9709,15098286.0
2017-02-17,125.8149,126.5264,125.7662,126.5167,15563730.0
2017-02-21,126.7311,127.2184,126.6921,127.1404,18479628.0
2017-02-22,127.0137,127.2769,126.81,127.1892,12110876.0
2017-02-23,127.3841,127.3841,126.2048,126.7116,17489023.0
2017-02-24,126.1853,126.9553,126.0976,126.9553,18624489.0
2017-02-27,126.7213,127.1209,126.5069,127.1112,12008672.0
2017-02-28,127.082,127.1404,126.3705,126.7213,16598581.0
2017-03-01,127.4913,128.3392,127.2866,128.1053,25813827.0
2017-03-02,128.0956,128.0956,127.3061,127.4621,19951386.0
2017-03-03,127.3354,127.735,127.0342,127.696,13722749.0
2017-03-06,127.2476,127.6277,126.9065,127.4133,12026151.0
2017-03-07,127.1404,127.7544,126.9747,127.1989,15500945.0
2017-03-08,127.2574,127.8227,127.1502,127.4231,15776027.0
2017-03-09,127.3938,127.696,126.8383,127.5205,20855253.0
2017-03-10,128.0858,128.2613,127.501,128.0566,21922601.0
2017-03-13,128.0079,128.3002,127.9396,128.271,10731575.0
2017-03-14,127.9786,128.0273,127.4426,127.9591,14019689.0
2017-03-15,128.2418,129.0458,127.8129,128.7486,22709139.0
2017-03-16,128.9727,128.9922,128.3685,128.6609,18457291.0
2017-03-17,128.7821,128.9579,128.5477,128.6161,21234529.0
2017-03-20,128.577,129.0263,128.3916,128.7333,10105210.0
2017-03-21,129.2216,129.3388,126.7018,126.78,35841897.0
2017-03-22,126.8581,127.7664,126.653,127.6394,29177883.0
2017-03-23,127.4734,127.825,127.1022,127.3171,20311655.0
2017-03-24,127.7273,128.2254,127.0925,127.5808,22967566.0
2017-03-27,126.7018,128.0105,126.3795,127.7859,18472445.0
2017-03-28,127.7566,128.9481,127.5027,128.5672,23721947.0
2017-03-29,128.6551,129.2118,128.5184,129.163,13709968.0
2017-03-30,129.1337,129.5146,128.997,129.3779,16092374.0
2017-03-31,129.1825,129.6416,129.0409,129.29,19841411.0
2017-04-03,129.3876,129.7099,128.4891,129.2118,23700310.0
2017-04-04,128.8212,129.4365,128.7919,129.4169,13400022.0
2017-04-05,129.583,130.3643,128.6454,128.8895,32011155.0
2017-04-06,129.036,129.2997,128.6258,128.9579,18832193.0
2017-04-07,128.9091,129.2802,128.4305,128.8895,16743064.0
2017-04-10,129.0263,129.4706,128.5832,128.9384,15619276.0
2017-04-11,128.7821,129.0116,127.4538,128.3817,33778359.0
2017-04-12,128.3817,128.4696,127.7273,127.864,15955195.0
2017-04-13,127.698,128.4403,127.3366,127.3562,23683020.0
2017-04-17,127.7468,128.4305,127.6687,128.411,13325508.0
2017-04-18,127.9519,128.5868,127.8933,128.2156,12841087.0
2017-04-19,128.7723,129.2021,128.2449,128.4207,17764817.0
2017-04-20,128.9579,129.7783,128.743,129.4951,21977910.0
2017-04-21,129.6025,129.6611,129.1337,129.4658,22454948.0
2017-04-24,130.8917,131.1505,130.6809,131.0284,22469948.0
2017-04-25,131.4386,132.2066,131.3409,131.9758,19384398.0
2017-04-26,132.0148,132.3469,131.7121,131.7902,25398542.0
2017-04-27,132.1223,132.5813,132.0344,132.5813,16136538.0
2017-04-28,133.0989,133.1575,132.6008,132.8157,22771946.0
2017-05-01,133.2747,134.1733,133.1966,133.9975,24815525.0
2017-05-02,134.1733,134.2807,133.8217,134.2221,18345071.0
2017-05-03,133.9389,133.9682,133.4261,133.7924,23827550.0
2017-05-04,133.8119,134.2221,133.3724,133.8412,14630063.0
2017-05-05,134.183,134.3295,133.6849,134.3295,19330652.0
2017-05-08,134.3979,134.6225,134.1244,134.6225,13279931.0
2017-05-09,134.8276,135.3921,134.7104,135.0913,28426109.0
2017-05-10,135.1694,135.2183,134.6909,135.1694,20499363.0
2017-05-11,134.8081,135.1011,134.1733,135.062,27232074.0
2017-05-12,135.1401,135.3941,135.0034,135.3648,19738629.0
2017-05-15,135.3941,135.8726,135.2964,135.7945,20481327.0
2017-05-16,136.107,136.3805,135.7457,136.361,21785994.0
2017-05-17,135.3159,135.5308,132.8743,132.8938,55642178.0
2017-05-18,132.8841,134.5053,132.6985,134.0561,41319882.0
2017-05-19,134.4955,135.189,134.4467,134.6225,36730112.0
2017-05-22,134.9155,135.8287,134.8732,135.7554,19509659.0
2017-05-23,136.1656,136.1656,135.5407,135.8922,19687534.0
2017-05-24,136.3024,136.5856,135.9215,136.5172,18323864.0
2017-05-25,137.0397,138.0311,136.7419,137.6795,23928591.0
2017-05-26,137.7088,137.9822,137.5232,137.9236,13851582.0
2017-05-30,137.8357,138.202,137.7674,138.0408,20306409.0
2017-05-31,138.4901,138.5291,137.2888,137.992,33229404.0
2017-06-01,138.2654,138.5877,137.6892,138.5291,20120741.0
2017-06-02,139.0175,140.1406,138.7928,140.1113,37222881.0
2017-06-05,140.0918,140.3262,139.8867,140.082,15727526.0
2017-06-06,139.9355,140.375,139.3202,139.5253,22393024.0
2017-06-07,139.8867,140.1895,139.2714,140.0723,18842408.0
2017-06-08,140.3848,140.4434,139.457,140.2188,25417408.0
2017-06-09,140.375,140.5411,134.8862,136.7126,109783737.0
2017-06-12,135.5992,136.2242,134.2612,135.9801,104453977.0
2017-06-13,136.7419,137.279,136.0289,137.0837,51193010.0
2017-06-14,137.6306,137.6404,135.3843,136.4879,60093764.0
2017-06-15,135.1206,136.0289,134.2807,135.8824,55145160.0
2017-06-16,135.8515,135.9073,134.7918,135.2933,48087413.0
2017-06-19,136.5664,137.6828,136.3999,137.5555,39626533.0
2017-06-20,137.4086,137.5947,136.4293,136.4782,40935078.0
2017-06-21,136.772,137.8983,136.7035,137.8297,35743366.0
2017-06-22,138.0256,138.2998,137.438,137.7905,24099115.0
2017-06-23,137.624,138.4956,137.2519,138.3194,21654314.0
2017-06-26,139.0636,139.3477,137.3694,137.673,34411094.0
2017-06-27,137.1736,137.3205,135.166,135.1757,65957819.0
2017-06-28,135.6752,137.2421,134.8917,137.1246,57427180.0
2017-06-29,136.5174,136.5566,133.4326,134.7448,88769351.0
2017-06-30,135.1464,135.8012,134.3531,134.7938,68898255.0
2017-07-03,135.3912,135.5675,133.2857,133.3738,32797005.0
2017-07-05,133.7459,135.0484,133.3444,134.6861,42116584.0
2017-07-06,133.648,134.2258,132.9919,133.4717,48430476.0
2017-07-07,133.9124,135.2737,133.9124,134.9113,36970402.0
2017-07-10,134.9897,136.111,134.6567,135.7927,24853545.0
2017-07-11,135.5773,136.3411,135.0876,136.1747,31517660.0
2017-07-12,137.3107,137.9472,137.0609,137.7905,36045799.0
2017-07-13,137.9374,138.4271,137.6926,138.0941,31073595.0
2017-07-14,138.6425,139.3574,138.2704,139.1812,34544847.0
2017-07-17,139.3085,139.7394,138.9853,139.2497,25343155.0
2017-07-18,139.1224,140.2095,138.7111,140.1801,25748527.0
2017-07-19,140.562,141.2084,140.5326,141.0027,33752309.0
2017-07-20,141.3259,141.4532,140.5522,141.1888,36139449.0
2017-07-21,140.6502,141.13,140.3857,141.13,39697094.0
2017-07-24,141.0908,141.8743,140.9439,141.7764,26712732.0
2017-07-25,141.3063,141.747,141.0321,141.414,28120884.0
2017-07-26,141.747,141.9526,141.5413,141.8743,18610634.0
2017-07-27,142.8438,142.9418,139.3574,140.9831,80665866.0
2017-07-28,140.1801,141.0959,139.9157,140.8656,38013176.0
2017-07-31,141.2377,141.4434,139.9646,140.2682,33848645.0
2017-08-01,140.7285,140.7873,140.1605,140.5914,20149421.0
2017-08-02,141.463,141.5315,139.661,140.9733,41769667.0
2017-08-03,141.1888,141.1888,140.1703,140.4249,27112799.0
2017-08-04,140.6795,140.9929,140.1017,140.6795,29472909.0
2017-08-07,140.9146,141.5707,140.7383,141.5707,17933942.0
2017-08-08,141.2867,142.4619,140.9244,141.3259,30810364.0
2017-08-09,140.1801,141.2084,139.8422,141.1398,36169473.0
2017-08-10,140.3661,140.4347,137.9766,138.1137,63331663.0
2017-08-11,138.3194,139.4652,137.9864,139.1616,45862488.0
2017-08-14,140.2682,141.1692,140.229,140.9537,34161024.0
2017-08-15,141.2377,141.318,140.6697,141.0517,25509181.0
2017-08-16,141.3846,141.9624,140.8271,141.2965,31913002.0
2017-08-17,140.7579,140.9635,138.4075,138.4075,70190975.0
2017-08-18,138.5054,139.2595,137.7416,138.3096,60751940.0
2017-08-21,138.3096,138.6034,137.2813,138.1333,37111487.0
2017-08-22,138.8678,140.3857,138.8286,140.2388,36294232.0
2017-08-23,139.5533,140.0528,139.4358,139.7394,25702324.0
2017-08-24,140.0724,140.2095,138.5446,139.3281,38160803.0
2017-08-25,139.8471,140.2192,138.8482,139.0343,26380436.0
2017-08-28,139.4652,139.7883,139.0148,139.4652,15362141.0
2017-08-29,138.2606,140.2486,138.1431,140.0136,24498333.0
2017-08-30,140.1507,141.8939,140.043,141.6589,33642716.0
2017-08-31,142.031,143.1866,141.982,143.1768,38480747.0
2017-09-01,143.3335,143.5538,142.599,142.9809,22293553.0
2017-09-05,142.5402,142.8634,140.6306,141.698,45480562.0
2017-09-06,142.0604,142.4521,141.1006,142.1289,30722723.0
2017-09-07,142.3933,142.8242,141.9429,142.4619,22721131.0
2017-09-08,142.2758,142.3444,141.0811,141.228,27890115.0
2017-09-11,142.2954,143.0985,142.2954,142.8536,27126332.0
2017-09-12,143.2258,143.3825,142.5207,143.1964,30256661.0
2017-09-13,142.932,143.4118,142.7165,143.3923,28450864.0
2017-09-14,142.834,143.2619,142.4619,142.55,35296413.0
2017-09-15,142.55,143.5587,142.2856,143.0397,46422402.0
2017-09-18,143.1765,143.6574,142.4208,142.8526,24858157.0
2017-09-19,143.1078,143.3041,142.6171,143.098,20871237.0
2017-09-20,143.0489,143.2059,141.5571,142.6563,34236155.0
2017-09-21,142.5582,142.568,141.2823,141.7828,28841835.0
2017-09-22,141.3313,141.8515,141.189,141.6454,21702401.0
2017-09-25,141.086,141.1644,139.4666,140.1536,54947712.0
2017-09-26,140.8504,141.135,140.026,140.5167,29628806.0
2017-09-27,141.2626,142.3128,140.9093,141.7828,33249403.0
2017-09-28,141.4687,141.8776,141.1154,141.7337,24149422.0
2017-09-29,142.0184,142.8575,141.6454,142.7545,43102366.0
2017-10-02,142.9704,143.4611,142.2441,142.8821,27351260.0
2017-10-03,143.0391,143.3532,142.7545,143.1863,19715152.0
2017-10-04,142.9017,143.628,142.7741,143.3237,26381099.0
2017-10-05,143.8243,144.8057,143.693,144.7272,31562353.0
2017-10-06,144.2463,144.9235,144.2365,144.9235,23561069.0
2017-10-09,145.1198,145.2663,144.5702,144.7567,13704835.0
2017-10-10,145.2376,145.3946,144.2267,144.8646,19223092.0
2017-10-11,144.7959,145.3259,144.6094,145.2965,12439051.0
2017-10-12,145.1002,145.6056,144.8793,145.0315,14513477.0
2017-10-13,145.6498,145.7578,145.0385,145.5909,18409888.0
2017-10-16,145.9442,146.1307,145.6427,146.0915,21809410.0
2017-10-17,146.0326,146.2976,145.8166,146.2779,13138157.0
2017-10-18,146.4448,146.4448,145.8854,146.1013,17218243.0
2017-10-19,145.2768,145.5811,144.5407,145.5615,27680285.0
2017-10-20,146.1503,146.2779,145.7774,145.9541,30173268.0
2017-10-23,146.2485,146.2681,144.7959,145.002,29297126.0
2017-10-24,145.2572,145.5517,144.7076,145.2474,20289467.0
2017-10-25,144.9628,145.4339,143.6182,144.6978,36179124.0
2017-10-26,144.6291,144.9677,144.1972,144.2365,28230199.0
2017-10-27,146.5626,148.712,146.435,148.4372,60165127.0
2017-10-30,148.2801,149.3696,148.1917,148.7709,31733386.0
2017-10-31,149.2223,149.5462,148.8199,149.3303,26319327.0
2017-11-01,149.9192,149.9977,148.6923,149.2812,29481569.0
2017-11-02,149.1046,149.1733,147.9759,148.9966,31017426.0
2017-11-03,149.5659,150.4492,149.026,150.4295,26199249.0
2017-11-06,150.2921,150.9988,150.2627,150.9399,28693919.0
2017-11-07,150.8221,151.2268,150.4983,151.0282,21333062.0
2017-11-08,150.9595,151.676,150.7731,151.6368,17373517.0
2017-11-09,150.4197,150.9203,149.291,150.8418,40594482.0
2017-11-10,150.5179,150.9497,150.2234,150.8319,20150762.0
2017-11-13,150.2823,151.214,150.2627,151.0184,12522399.0
2017-11-14,150.4688,150.6553,149.7425,150.4688,25173763.0
2017-11-15,149.7818,150.1646,148.9672,149.7621,24808004.0
2017-11-16,150.5375,152.0195,150.4884,151.676,34790570.0
2017-11-17,151.7153,151.8232,150.9497,151.0969,28725800.0
2017-11-20,151.2245,151.3423,150.7632,150.9792,21143944.0
2017-11-21,151.6956,152.6869,151.622,152.6182,20147763.0
2017-11-22,152.7458,152.9519,152.4622,152.8047,17299040.0
2017-11-24,152.9715,153.4132,152.8734,153.3641,8280586.0
2017-11-27,153.3052,153.6586,152.9421,153.2954,22653389.0
2017-11-28,153.6193,153.7862,152.8145,153.688,25227320.0
2017-11-29,153.5506,153.5506,150.2823,151.0086,71986338.0
2017-11-30,151.5975,152.5691,151.2883,152.2747,56595465.0
2017-12-01,151.3325,152.363,149.4383,151.6269,59015828.0
2017-12-04,152.5888,152.7409,149.7327,149.8799,51319146.0
2017-12-05,149.8112,151.6858,149.2812,149.9781,40604211.0
2017-12-06,149.4383,150.8859,149.242,150.6553,28647769.0
2017-12-07,150.6455,151.5975,150.4884,151.1656,32666207.0
2017-12-08,152.2256,152.6477,151.5975,151.833,28081666.0
2017-12-11,151.8919,153.0599,151.8919,153.0108,20821528.0
2017-12-12,152.9225,153.2562,152.4808,152.8047,20310252.0
2017-12-13,153.3838,153.5899,152.8734,153.0991,24418479.0
2017-12-14,153.3838,153.7567,152.8243,152.9912,24594682.0
2017-12-15,153.5899,154.8952,153.3347,154.7284,49816151.0
2017-12-18,155.6818,156.1539,155.4654,156.026,26844519.0
2017-12-19,155.731,155.8884,154.6688,155.1015,31414968.0
2017-12-20,155.6425,155.672,154.3246,154.9343,38972602.0
2017-12-21,155.131,155.6425,154.777,154.954,18638679.0
2017-12-22,154.718,154.8379,154.3639,154.777,23330440.0
2017-12-26,153.9508,154.1377,153.3804,153.941,21918720.0
2017-12-27,153.941,154.3737,153.8131,153.9606,22388186.0
2017-12-28,154.4622,154.4773,153.9606,154.1475,25393825.0
2017-12-29,154.3147,154.3147,153.1345,153.1935,33185962.0
2018-01-02,153.9213,155.9129,153.5967,155.8785,32573272.0
2018-01-03,155.9965,157.5308,155.9965,157.3931,29383557.0
2018-01-04,157.9439,158.1406,157.4448,157.6685,24776125.0
2018-01-05,158.3865,159.3602,158.1209,159.252,26992340.0
2018-01-08,159.2323,159.9503,159.193,159.8716,23159061.0
2018-01-09,160.1667,160.3535,159.3995,159.8815,24782448.0
2018-01-10,159.134,159.5372,158.4652,159.5077,34004028.0
2018-01-11,159.8028,160.6093,159.5372,160.5994,20473518.0
2018-01-12,160.3437,161.9469,160.2552,161.7797,37762708.0
2018-01-16,162.8222,163.6729,160.8355,161.3174,41231849.0
2018-01-17,162.055,163.3041,161.296,163.0582,33849879.0
2018-01-18,162.8222,163.4614,162.414,163.0877,26432166.0
2018-01-19,163.5795,163.8647,162.8074,163.5992,38937588.0
2018-01-22,163.5303,165.3498,163.3533,165.3498,26081388.0
2018-01-23,165.8613,166.8645,165.7777,166.7169,37989650.0
2018-01-24,167.012,167.4349,164.681,165.6351,54287377.0
2018-01-25,166.7563,166.835,165.0449,165.5761,28924956.0
2018-01-26,166.4809,168.1352,166.176,168.1135,32038184.0
2018-01-29,167.7103,168.0939,166.9431,167.2972,37277849.0
2018-01-30,165.7728,166.6284,165.0548,165.9203,44987688.0
2018-01-31,166.8743,167.1889,165.5662,166.6087,42449199.0
2018-02-01,165.3498,166.9333,164.6614,165.1925,38037875.0
2018-02-02,164.5827,164.9368,161.76,161.8977,68478082.0
2018-02-05,160.4421,163.0189,155.3966,155.5146,105372224.0
2018-02-06,153.3902,159.8323,152.5444,159.6356,118537891.0
2018-02-07,159.1241,160.8551,157.5603,157.5702,91028328.0
2018-02-08,158.0423,158.1505,150.9216,150.9216,94184831.0
2018-02-09,153.0951,154.6491,147.6513,153.5279,113836554.0
2018-02-12,155.072,157.3145,153.882,156.2523,63050637.0
2018-02-13,155.3769,157.3735,155.1209,157.0587,31785595.0
2018-02-14,156.1736,160.2454,155.3966,159.9995,52107431.0
2018-02-15,161.4354,162.9697,159.7634,162.9697,51633887.0
2018-02-16,162.4583,164.0073,161.9664,162.2419,62256291.0
2018-02-20,161.6813,163.9336,161.6026,162.5665,36785626.0
2018-02-21,163.3238,164.9564,162.0059,162.1042,41161779.0
2018-02-22,162.8124,163.6779,161.6684,162.0845,37074413.0
2018-02-23,163.3238,165.399,162.7238,165.399,50096916.0
2018-02-26,166.1465,167.5923,166.0383,167.5923,39266658.0
2018-02-27,167.6119,167.9168,165.4384,165.517,42209873.0
2018-02-28,166.4612,167.0022,164.3466,164.4548,42936334.0
2018-03-01,164.5335,165.3007,160.3152,161.7698,76809904.0
2018-03-02,159.911,163.5402,159.2913,163.2549,57445063.0
2018-03-05,162.537,165.4875,161.878,165.0646,38540207.0
2018-03-06,165.8318,166.3235,164.7204,165.7629,29480927.0
2018-03-07,164.504,166.2842,164.209,166.1465,34609407.0
2018-03-08,166.7464,167.1792,166.1662,167.0612,25828371.0
2018-03-09,168.2807,170.3068,168.0054,170.3068,38310546.0
2018-03-12,170.7887,171.605,170.4248,171.2116,37634971.0
2018-03-13,171.9198,172.323,168.4446,168.8807,55638925.0
2018-03-14,169.7364,169.8937,168.1135,168.8512,40536383.0
2018-03-15,168.9987,169.6872,168.084,168.7037,28810366.0
2018-03-16,168.9495,169.3626,168.1185,168.2021,31176742.0
2018-03-19,166.6422,166.7013,163.1739,164.6128,71395061.0
2018-03-20,164.6128,165.5389,164.1301,165.1547,34075664.0
2018-03-21,164.7409,166.2481,163.7164,164.4355,43863543.0
2018-03-22,162.2486,163.3026,160.17,160.3768,66607288.0
2018-03-23,160.1798,160.8694,156.0719,156.1507,80110392.0
2018-03-26,159.2735,162.1501,156.791,161.953,57481503.0
2018-03-27,163.1352,163.1549,155.3331,156.7122,78889105.0
2018-03-28,155.8946,157.4018,153.7175,154.9095,89369655.0
2018-03-29,155.7764,159.3031,154.3024,157.7466,68692566.0
2018-04-02,156.6334,157.3624,151.5896,153.1954,85549443.0
2018-04-03,154.5844,155.5695,152.1413,154.9193,64090049.0
2018-04-04,151.9738,157.8451,151.7472,157.3624,65768692.0
2018-04-05,158.9287,159.175,157.1063,158.2588,43054868.0
2018-04-06,156.5743,158.0718,153.5598,154.2987,59870865.0
2018-04-09,155.6581,158.4854,155.1163,155.3823,41810380.0
2018-04-10,157.7466,159.3228,156.7024,158.8105,48601323.0
2018-04-11,157.8155,159.5888,157.717,157.8944,41622139.0
2018-04-12,158.8992,160.3473,158.7613,159.7956,30467889.0
2018-04-13,160.5837,160.83,158.2785,158.9681,44604892.0
2018-04-16,160.0321,160.761,159.0765,160.1798,28180780.0
2018-04-17,161.7462,163.9816,161.4703,163.6277,35536087.0
2018-04-18,163.6474,164.5143,162.8495,163.9627,29573880.0
2018-04-19,163.1844,163.5194,161.8939,162.4554,34705692.0
2018-04-20,162.0417,162.1599,159.3228,159.8843,49197140.0
2018-04-23,160.6527,161.293,158.6233,159.4804,33040646.0
2018-04-24,160.1995,160.4803,155.0474,156.1014,70256751.0
2018-04-25,156.4364,156.9388,154.1411,156.2886,52089323.0
2018-04-26,158.3278,160.1109,157.7958,159.5789,43005532.0
2018-04-27,161.9038,161.9629,158.7711,159.6774,51043406.0
2018-04-30,160.0616,161.0467,158.1505,158.5445,35615273.0
2018-05-01,158.1308,160.3768,157.7564,160.3571,36513529.0
2018-05-02,160.6724,161.1354,159.2243,159.4114,38646842.0
2018-05-03,158.6824,159.9828,156.8501,159.3917,60337134.0
2018-05-04,158.712,162.7904,158.5839,162.416,41543243.0
2018-05-07,163.1746,164.2976,163.0465,163.7656,32500152.0
2018-05-08,163.3617,163.9528,162.4062,163.5982,26040170.0
2018-05-09,163.9233,165.4994,163.3125,165.3812,29122718.0
2018-05-10,165.923,167.2135,165.7851,167.0953,27067597.0
2018-05-11,166.8294,167.3318,166.2087,166.9377,24688847.0
2018-05-14,167.3119,168.2775,166.9476,167.2234,21821749.0
2018-05-15,165.8935,165.992,164.4946,165.3714,49361638.0
2018-05-16,165.598,166.8491,165.5093,166.4649,22941159.0
2018-05-17,165.8935,167.0855,165.0167,165.8245,27480164.0
2018-05-18,165.2138,165.7556,164.7212,164.9675,26217939.0
2018-05-21,166.2186,166.9771,165.1842,165.8935,22954565.0
2018-05-22,166.6323,166.9279,165.3812,165.6768,19477721.0
2018-05-23,164.4158,167.0953,164.3961,167.0756,26557835.0
2018-05-24,167.0362,167.3219,165.3418,167.0264,27696539.0
2018-05-25,167.0165,167.7948,166.6914,167.1938,27460536.0
2018-05-29,166.3959,167.3909,165.46,166.455,41220468.0
2018-05-30,167.1052,167.9425,166.7013,167.647,22665836.0
2018-05-31,167.5977,168.6518,167.1052,167.5386,35670946.0
2018-06-01,168.3366,170.2674,168.3267,170.1689,45543331.0
2018-06-04,170.5826,171.7451,170.494,171.7057,20459634.0
2018-06-05,172.0899,172.5233,171.4742,172.2376,24779284.0
2018-06-06,172.4197,173.272,171.5481,173.2425,25036647.0
2018-06-07,173.2917,173.3114,170.9668,171.8337,39600316.0
2018-06-08,170.9865,172.2773,170.6023,171.8436,31780348.0
2018-06-11,171.7057,172.7302,171.686,172.3066,22319709.0
2018-06-12,172.543,173.3804,172.3559,173.2129,22511832.0
2018-06-13,173.469,174.5034,172.8189,173.2031,37858584.0
2018-06-14,173.9911,175.2422,173.8729,174.9566,35915978.0
2018-06-15,174.3458,174.6857,173.4887,174.3458,49615730.0
2018-06-18,173.2878,174.3935,172.7054,174.2455,31633192.0
2018-06-19,172.0341,173.7913,171.4911,173.7518,38235994.0
2018-06-20,174.5317,175.7065,174.3935,174.9859,33038042.0
2018-06-21,175.4202,175.6078,173.1299,173.4655,43469439.0
2018-06-22,174.0579,174.1161,172.4586,173.0805,30073187.0
2018-06-25,171.5404,171.7675,167.6409,169.181,77799725.0
2018-06-26,169.7931,170.8479,169.181,169.872,39008146.0
2018-06-27,170.5631,171.3627,167.4435,167.5619,52843497.0
2018-06-28,167.3546,169.5759,167.0091,169.0033,46407708.0
2018-06-29,169.8029,170.7112,169.2057,169.4574,36408464.0
2018-07-02,167.868,170.6421,167.5027,170.5927,31770026.0
2018-07-03,171.1949,171.2344,168.4504,168.6183,25512707.0
2018-07-05,169.7141,170.8494,168.8453,170.7112,31626198.0
2018-07-06,171.0962,173.4952,170.7902,173.3668,37005574.0
2018-07-09,174.2356,174.9661,173.5741,174.9266,27362061.0
2018-07-10,175.1438,175.4499,174.4528,175.055,23902488.0
2018-07-11,173.7123,174.8082,173.5544,174.1665,30280553.0
2018-07-12,174.9464,177.1676,174.818,177.1676,27930119.0
2018-07-13,177.1282,177.602,176.6642,177.3157,28067961.0
2018-07-16,177.3453,177.6514,176.595,176.8912,21405310.0
2018-07-17,175.0352,178.3424,175.0155,177.9673,31034075.0
2018-07-18,177.9772,178.1351,177.0887,177.6316,23220839.0
2018-07-19,177.0492,177.5823,176.5358,176.7431,31094145.0
2018-07-20,177.2762,177.8686,176.5062,176.7036,35907619.0
2018-07-23,176.1705,177.3453,175.4696,177.2664,22184720.0
2018-07-24,179.073,179.7246,177.2664,177.9969,36900281.0
2018-07-25,178.0561,180.5933,177.987,180.4847,36022078.0
2018-07-26,178.0463,178.609,177.5132,177.7501,40873485.0
2018-07-27,178.9446,178.994,174.3442,175.3511,59456093.0
2018-07-30,175.3906,175.4597,172.0439,172.8732,60192990.0
2018-07-31,173.505,174.8674,172.5869,174.1961,47285135.0
2018-08-01,174.6107,175.3808,173.8473,174.8575,37101925.0
2018-08-02,173.6235,177.4441,173.5445,177.2367,47178229.0
2018-08-03,177.5033,177.7896,176.7925,177.7797,28934445.0
2018-08-06,177.6711,178.8755,177.4441,178.8262,24808763.0
2018-08-07,179.3099,179.8134,178.9446,179.4777,29895664.0
2018-08-08,179.2309,180.0207,178.7472,179.6949,22680749.0
2018-08-09,179.616,180.2971,179.3198,179.5863,18852898.0
2018-08-10,178.3721,178.9052,177.5428,178.2141,33818464.0
2018-08-13,178.5399,179.6851,177.9387,178.0167,26089195.0
2018-08-14,178.6978,179.3395,177.7402,179.1322,20913021.0
2018-08-15,177.7896,178.2733,175.8448,176.9406,58528016.0
2018-08-16,178.2635,178.6781,177.1775,177.523,27711761.0
2018-08-17,177.0689,178.0068,175.9908,177.5625,36092641.0
2018-08-20,177.9772,178.0217,176.7135,177.4046,24938956.0
2018-08-21,177.9574,179.1223,177.8291,178.0561,26258657.0
2018-08-22,177.6613,178.9545,177.4539,178.7472,18042380.0
2018-08-23,178.4609,179.7196,178.1944,178.4905,25776166.0
2018-08-24,179.0829,180.2971,179.0434,180.1491,23136113.0
2018-08-27,181.0869,181.9853,180.771,181.9853,29343552.0
2018-08-28,182.4394,182.6566,181.8668,182.2519,20277036.0
2018-08-29,182.548,184.4534,182.4987,184.3546,29175591.0
2018-08-30,184.0289,185.1246,183.4168,184.0289,29315453.0
2018-08-31,183.8018,184.789,183.6044,184.2658,28653248.0
2018-09-04,183.7228,184.019,182.4888,183.476,29063537.0
2018-09-05,183.1798,183.1798,180.4847,181.1067,42623326.0
2018-09-06,181.1955,181.4028,178.2733,179.4876,46091403.0
2018-09-07,178.224,180.3366,178.1351,178.7966,46629495.0
2018-09-10,179.7937,179.922,178.4165,179.3988,26131977.0
2018-09-11,178.6584,181.0771,178.2141,180.7809,30116460.0
2018-09-12,180.5341,180.6427,178.6978,180.2478,36203973.0
2018-09-13,181.3239,182.5184,181.2943,182.1729,31133188.0
2018-09-14,182.3012,182.5826,180.9191,181.6398,31224132.0
2018-09-17,181.314,181.4621,178.8558,179.0236,33071197.0
2018-09-18,179.2013,181.3831,179.0829,180.5045,31877347.0
2018-09-19,180.5242,180.9586,179.1915,180.3663,31843377.0
2018-09-20,181.6003,182.6073,181.1757,182.3605,33295820.0
2018-09-21,182.9034,183.1107,181.1363,181.3634,38605353.0
2018-09-24,180.0477,181.9367,179.306,181.8675,34945602.0
2018-09-25,181.7587,182.2532,181.1653,182.1147,25277520.0
2018-09-26,182.2235,183.9444,181.8823,182.2433,36210571.0
2018-09-27,183.0048,184.4389,182.8862,183.7861,33113269.0
2018-09-28,183.2125,184.2312,182.9356,183.7466,28076843.0
2018-10-01,184.7653,185.4675,183.6576,184.1224,27371297.0
2018-10-02,183.9048,185.1164,183.2818,183.707,25618608.0
2018-10-03,184.4686,184.9136,183.618,183.9048,29128683.0
2018-10-04,183.1829,183.2818,179.0686,180.3741,80557283.0
2018-10-05,180.384,180.9576,176.4675,178.1686,83325630.0
2018-10-08,177.3972,178.6559,174.984,177.0807,66864481.0
2018-10-09,177.2291,179.0291,176.784,177.6543,49097949.0
2018-10-10,176.5664,176.6554,169.6138,169.8412,114471052.0
2018-10-11,169.1588,171.4929,165.9643,167.7347,143084463.0
2018-10-12,172.0764,172.9368,169.0528,172.4027,102078388.0
2018-10-15,171.7797,172.1258,169.6731,170.3159,64885255.0
2018-10-16,172.106,175.6961,171.7896,175.2708,71979688.0
2018-10-17,176.1807,176.2979,173.5401,175.3401,66987639.0
2018-10-18,174.6577,174.7368,170.5434,171.2753,82486208.0
2018-10-19,172.472,174.1335,170.494,171.117,82923733.0
2018-10-22,172.1456,173.321,170.6918,171.9973,52909281.0
2018-10-23,168.9116,172.2148,166.9632,171.3643,77566972.0
2018-10-24,171.2159,171.4533,163.2248,163.5215,102997449.0
2018-10-25,166.1424,170.1874,165.3215,169.1786,83481070.0
2018-10-26,163.4226,168.0907,162.4237,164.827,130970908.0
2018-10-29,167.2995,167.9918,158.3293,161.4347,111871933.0
2018-10-30,161.0094,164.2089,160.2331,164.0951,92583965.0
2018-10-31,166.6962,169.3665,166.6863,167.9522,73828635.0
2018-11-01,168.2094,170.3456,166.9237,170.1676,52706823.0
2018-11-02,169.6434,170.6522,166.3698,167.5171,75966781.0
2018-11-05,167.7445,167.794,165.2424,167.1017,39573533.0
2018-11-06,167.072,169.3072,166.8643,168.3676,34410390.0
2018-11-07,170.3555,173.6489,169.9797,173.6489,51169614.0
2018-11-08,172.8379,173.3739,171.7203,172.5412,40296538.0
2018-11-09,170.9291,171.3445,168.2885,169.6335,50602710.0
2018-11-12,168.4566,168.7632,164.3523,164.5006,62578371.0
2018-11-13,165.3116,167.616,164.1742,164.6391,64128079.0
2018-11-14,166.2413,166.8446,162.4435,163.383,75270714.0
2018-11-15,163.027,166.6863,161.6622,166.2413,73254349.0
2018-11-16,164.6589,166.4588,163.9567,165.6578,65390675.0
2018-11-19,164.9061,165.0644,159.7633,160.2776,67280478.0
2018-11-20,156.6282,159.6051,155.4018,157.4095,102652794.0
2018-11-21,159.5161,160.1886,157.481,158.6062,42965839.0
2018-11-23,157.3402,159.071,157.3402,157.4589,23503729.0
2018-11-26,159.6644,161.1776,158.9919,161.0985,42012633.0
2018-11-27,160.2182,162.0479,159.4073,161.6424,36608063.0
2018-11-28,162.8094,166.8446,161.674,166.8446,70140986.0
2018-11-29,166.1523,167.3984,164.9852,166.3006,44885711.0
2018-11-30,166.5281,167.6061,165.6973,167.5072,36722760.0
2018-12-03,171.1962,171.4039,167.6457,170.4346,50771695.0
2018-12-04,169.4951,170.0192,163.6995,163.8973,70594743.0
2018-12-06,160.6732,165.0742,159.9908,165.0545,71715526.0
2018-12-07,164.3028,165.2819,159.0908,159.6051,80432176.0
2018-12-10,159.338,161.9787,157.6567,161.2765,73960758.0
2018-12-11,163.838,163.9468,160.4457,161.8105,59058296.0
2018-12-12,164.2336,165.7567,163.1457,163.2347,53779992.0
2018-12-13,164.2336,164.9852,162.2259,163.2841,46377864.0
2018-12-14,161.3952,162.0083,158.9325,159.3084,56547419.0
2018-12-17,158.6457,159.8919,154.4524,155.6985,74834076.0
2018-12-18,156.9249,158.1908,155.3128,156.6776,63642120.0
2018-12-19,156.4996,158.9523,151.6535,152.8304,81856456.0
2018-12-20,152.4645,154.1557,148.7359,150.615,99002139.0
2018-12-21,151.3766,152.3952,145.1063,145.947,141129408.0
2018-12-24,144.9458,146.7708,142.2877,142.3274,56163290.0
2018-12-26,143.9341,151.2935,142.9126,151.2142,98982064.0
2018-12-27,149.3396,151.9283,145.8781,151.7993,85824343.0
2018-12-28,152.7515,154.3186,150.4802,151.72,77856625.0
2018-12-31,153.2077,153.7136,151.4621,152.9995,53015313.0
2019-01-02,149.7562,154.4773,149.6471,153.6144,58576672.0
2019-01-03,151.353,152.0076,148.2684,148.5957,74820225.0
2019-01-04,150.9364,155.7171,150.5,154.9534,74709320.0
2019-01-07,155.2608,157.5619,154.8343,156.7982,52059331.0
2019-01-08,158.2561,158.8016,155.9154,158.2165,49388694.0
2019-01-09,158.8413,160.203,158.1669,159.5058,46491747.0
2019-01-10,158.2859,160.0514,157.4032,159.9621,38943414.0
2019-01-11,159.0099,159.5455,158.4843,159.3769,30176643.0
2019-01-14,158.0181,158.6529,157.2941,157.9685,30710234.0
2019-01-15,158.6628,161.2713,158.6029,161.0531,40874224.0
2019-01-16,161.3011,162.4417,160.9638,161.0233,33812190.0
2019-01-17,160.5175,163.0169,160.2497,162.2929,39328959.0
2019-01-18,163.493,164.6634,162.4813,163.8996,57183243.0
2019-01-22,162.7095,162.7987,159.4463,160.6167,56711694.0
2019-01-23,161.4399,162.1739,159.0099,160.825,38106062.0
2019-01-24,161.3308,162.1044,160.7383,161.8664,32413351.0
2019-01-25,163.1359,164.2964,162.6103,163.8005,36466069.0
2019-01-28,161.6978,161.7871,160.4282,161.7771,33491216.0
2019-01-29,161.8664,161.9061,159.6745,160.2497,30784175.0
2019-01-30,162.0548,164.9212,161.5589,164.3261,41346533.0
2019-01-31,165.2882,167.6091,165.1098,166.7859,37258361.0
2019-02-01,166.0023,167.2223,165.6254,166.0817,32143672.0
2019-02-04,166.1412,168.1447,165.9626,168.1447,26718781.0
2019-02-05,168.3629,169.8308,168.3034,169.6324,28156368.0
2019-02-06,169.6622,169.9696,168.3629,169.1266,27970006.0
2019-02-07,167.6488,168.0652,165.5858,166.8553,42036193.0
2019-02-08,165.3676,167.2124,165.2089,167.1826,29020747.0
2019-02-11,167.7579,168.1943,166.6073,167.0239,21434088.0
2019-02-12,168.2042,169.7415,167.9463,169.4936,29722073.0
2019-02-13,170.2176,170.7532,169.4241,169.6126,26094136.0
2019-02-14,168.9877,170.4259,168.4422,169.8209,30326830.0
2019-02-15,171.1003,171.1522,169.7407,170.535,32521685.0
2019-02-19,169.9895,171.388,169.9796,170.8722,19487679.0
2019-02-20,171.021,171.6657,169.92,170.8424,32592995.0
2019-02-21,170.3664,170.8524,169.315,170.2176,25207401.0
2019-02-22,170.5747,171.5962,170.4953,171.4772,27735358.0
2019-02-25,172.7765,173.2328,171.983,172.1021,32608754.0
2019-02-26,171.626,172.8261,171.3979,172.2806,21939717.0
2019-02-27,171.507,172.3798,170.3564,172.1715,25162014.0
2019-02-28,171.626,172.3897,171.2888,171.7748,25085470.0
2019-03-01,172.9848,173.2228,171.7648,172.965,31431156.0
2019-03-04,173.9369,174.3535,171.0606,172.9947,38063458.0
2019-03-05,173.0939,173.6543,172.2657,173.1236,22319863.0
2019-03-06,173.2526,173.322,171.864,172.1417,27194581.0
2019-03-07,171.6756,171.7648,169.3944,170.0291,39407443.0
2019-03-08,168.1248,169.8605,167.9537,169.7713,39303225.0
2019-03-11,170.4556,173.4212,170.4457,173.3022,30518408.0
2019-03-12,173.7386,174.7007,173.3433,174.2543,33953500.0
2019-03-13,175.1569,176.476,174.9089,175.5635,42426135.0
2019-03-14,175.6677,175.8909,175.2164,175.266,23751477.0
2019-03-15,175.9801,177.4183,175.8313,176.8926,38191958.0
2019-03-18,176.8173,177.8507,176.4611,177.3141,32935125.0
2019-03-19,178.0196,178.8542,177.1551,177.9103,36893341.0
2019-03-20,177.9202,179.7088,177.1054,178.6158,50104996.0
2019-03-21,178.0991,181.6662,178.0593,181.4079,42428481.0
2019-03-22,180.603,181.1098,177.2346,177.4234,70794543.0
2019-03-25,176.7875,177.7016,175.8038,177.0856,46336524.0
2019-03-26,178.4369,179.5398,177.0061,177.9103,33248121.0
2019-03-27,178.1289,178.576,175.4759,176.7676,37096697.0
2019-03-28,177.2247,177.8407,176.1118,177.175,30368235.0
2019-03-29,178.4866,178.6853,177.4532,178.5164,35205511.0
2019-04-01,180.2652,181.0999,179.6193,180.8813,30969472.0
2019-04-02,181.07,181.7407,180.6229,181.5669,22645151.0
2019-04-03,182.5704,183.7429,182.0427,182.6102,31633476.0
2019-04-04,182.64,183.3256,181.4874,182.5406,28530828.0
2019-04-05,183.1269,183.5939,182.847,183.4846,25674660.0
2019-04-08,183.1964,184.1006,182.4611,183.9516,22697543.0
2019-04-09,183.3256,183.9317,182.9182,183.3057,25631886.0
2019-04-10,183.574,184.349,183.3455,184.2894,24562958.0
2019-04-11,184.5875,184.5974,183.5143,183.8522,20654094.0
2019-04-12,184.6769,184.7664,183.8821,184.6471,24989136.0
2019-04-15,184.6273,184.8856,183.4448,184.6769,21073046.0
2019-04-16,185.3228,185.7203,184.7465,185.3129,27195709.0
2019-04-17,186.5549,186.7338,185.4122,185.9587,29651575.0
2019-04-18,186.2866,186.5951,185.1042,186.1972,28580864.0
2019-04-22,185.3526,186.7934,185.2433,186.7238,17936033.0
2019-04-23,187.171,189.3271,186.9325,189.0986,33665561.0
2019-04-24,189.2278,189.4961,188.4428,188.5024,24977108.0
2019-04-25,189.9333,190.0028,188.2441,189.2675,29517497.0
2019-04-26,188.9893,189.4762,187.3896,189.4364,26359537.0
2019-04-29,189.4066,190.1022,189.1284,189.8041,21716242.0
2019-04-30,188.2739,188.6415,187.012,188.3335,31495277.0
2019-05-01,189.5457,190.1022,187.5933,187.7274,34797109.0
2019-05-02,187.6777,188.6415,185.6805,186.9126,44110122.0
2019-05-03,188.4826,190.0326,188.1248,189.8935,30386180.0
2019-05-06,185.909,188.9893,185.5712,188.731,38371777.0
2019-05-07,186.6642,187.469,183.3355,185.0545,58818134.0
2019-05-08,184.4981,185.9786,183.7827,184.5875,37165319.0
2019-05-09,182.5903,184.2319,180.9309,183.5939,55351668.0
2019-05-10,182.8884,184.7067,179.8779,183.8224,58526402.0
2019-05-13,179.1523,180.1062,176.9266,177.4433,67185766.0
2019-05-14,178.3674,180.4739,177.7215,179.3908,43360636.0
2019-05-15,178.2481,182.3816,178.1686,181.9246,40944547.0
2019-05-16,181.9444,184.8856,181.7855,183.7529,39281157.0
2019-05-17,181.9345,184.4,181.7159,181.8749,44702276.0
2019-05-20,179.361,180.0266,178.1984,178.8046,38608294.0
2019-05-21,180.3447,181.1694,179.7684,180.6726,31613790.0
2019-05-22,179.6591,180.9111,179.5995,179.8677,24332550.0
2019-05-23,177.8606,177.8835,176.0124,177.1154,45351309.0
2019-05-24,178.1587,178.7052,176.8073,177.0259,25903267.0
2019-05-28,177.5327,178.5164,176.3403,176.3602,24763823.0
2019-05-29,175.3268,175.8733,173.9755,174.9095,42178772.0
2019-05-30,175.4163,176.1416,174.6512,175.6448,30354790.0
2019-05-31,173.5979,174.1742,172.7633,172.8427,45446206.0
2019-06-03,172.4155,172.8427,168.1925,169.0371,75842290.0
2019-06-04,170.8853,173.8563,170.2792,173.7966,47797848.0
2019-06-05,175.4759,175.4858,173.27,175.0884,34412697.0
2019-06-06,175.3964,176.9067,174.6114,176.4794,29913205.0
2019-06-07,177.3638,180.6096,177.1949,179.8876,45888345.0
2019-06-10,181.07,183.6734,181.0502,181.9842,41385280.0
2019-06-11,183.892,184.2199,181.6165,182.2326,41260320.0
2019-06-12,181.7159,182.1134,180.8415,181.1793,27758120.0
2019-06-13,181.9544,182.6996,181.5768,182.2525,23715829.0
2019-06-14,181.2787,181.9444,180.7819,181.4774,22844089.0
2019-06-17,181.8451,183.0772,181.6712,182.5704,20379476.0
2019-06-18,184.6968,186.5251,184.2488,185.2234,48177301.0
2019-06-19,185.5414,186.3363,184.3888,185.919,31672855.0
2019-06-20,188.5124,188.5521,185.9672,187.6479,40921964.0
2019-06-21,187.3697,188.562,186.9758,187.3697,39980418.0
2019-06-24,187.7337,187.9329,187.2756,187.3752,19375205.0
2019-06-25,187.2756,187.3553,183.8799,184.1587,33921112.0
2019-06-26,185.3537,186.5487,184.7164,185.0151,22595721.0
2019-06-27,185.6923,186.1603,185.2143,185.7222,19709228.0
2019-06-28,186.1703,186.3694,185.2939,185.9612,21179248.0
2019-07-01,189.5063,189.7751,187.5943,188.4706,31193393.0
2019-07-02,188.4009,189.2374,187.8731,189.2175,18035768.0
2019-07-03,189.6557,190.6416,189.4963,190.6416,15792067.0
2019-07-05,189.3569,190.6017,188.6001,190.2532,21415620.0
2019-07-08,189.0681,189.0781,188.142,188.9188,17598826.0
2019-07-09,188.0026,190.1038,187.8632,189.8648,19193497.0
2019-07-10,190.9901,192.2847,190.6714,191.7569,28374513.0
2019-07-11,192.0755,192.5336,191.01,191.6175,23736122.0
2019-07-12,191.8266,192.7328,191.6473,192.7228,20211883.0
2019-07-15,193.161,193.3801,192.6332,193.3402,15606074.0
2019-07-16,193.0515,193.2805,191.7569,192.3444,20190891.0
2019-07-17,192.3942,192.683,191.3785,191.3984,16765069.0
2019-07-18,190.5021,191.9859,189.8947,191.6175,29066336.0
2019-07-19,193.0116,193.0216,190.0142,190.2133,29387945.0
2019-07-22,190.7013,192.1353,190.6416,191.727,18953596.0
2019-07-23,192.7726,193.0017,191.488,192.9818,23786726.0
2019-07-24,192.2648,194.346,192.2249,194.3361,20422872.0
2019-07-25,193.6689,193.7087,192.1253,192.4938,23434744.0
2019-07-26,193.7087,194.7344,193.6191,194.4755,20431243.0
2019-07-29,194.366,194.366,192.5834,193.8083,20451652.0
2019-07-30,192.3544,193.7286,192.1851,192.9718,18705006.0
2019-07-31,193.4996,193.6191,188.5304,190.303,41627473.0
2019-08-01,190.7113,194.1668,188.4408,189.3569,63251648.0
2019-08-02,188.0325,188.2018,185.4334,186.5686,55214006.0
2019-08-05,182.7446,182.7446,178.4526,179.9762,75039971.0
2019-08-06,181.6193,183.0334,180.3148,182.4957,41897249.0
2019-08-07,180.5638,183.7405,179.1397,183.4815,49990586.0
2019-08-08,184.3778,187.5346,183.8002,187.4748,38418084.0
2019-08-09,186.5387,187.2159,184.2583,185.7122,33608926.0
2019-08-12,184.567,185.1247,182.7347,183.5811,24642870.0
2019-08-13,183.5015,188.8889,183.2525,187.6043,40473043.0
2019-08-14,184.5371,185.1744,181.6592,181.9978,51000548.0
2019-08-15,182.3463,182.8243,180.4044,181.7886,36848178.0
2019-08-16,183.3421,185.1744,183.3322,184.7064,34785006.0
2019-08-19,187.2458,188.0424,186.718,187.6441,22568634.0
2019-08-20,187.2159,187.8483,186.1404,186.1902,19939552.0
2019-08-21,187.8731,188.4408,187.1761,187.8433,20745478.0
2019-08-22,188.1918,188.6698,185.762,187.2358,24270520.0
2019-08-23,185.9811,187.664,180.8028,181.3106,55442893.0
2019-08-26,183.4218,184.099,182.3164,184.0492,27689838.0
2019-08-27,185.3039,185.6425,182.9438,183.6608,28080093.0
2019-08-28,183.0732,184.6267,182.1471,184.318,21848789.0
2019-08-29,186.5885,187.6702,185.8964,187.1362,25427207.0
2019-08-30,188.152,188.1819,185.6325,186.6881,26332749.0
2019-09-03,185.4832,186.3993,184.2583,184.8757,28026617.0
2019-09-04,186.6483,187.7039,186.1205,187.5445,21676335.0
2019-09-05,189.5959,191.5229,189.5461,190.9801,34060994.0
2019-09-06,191.2291,191.3685,190.3727,190.7909,19487821.0
2019-09-09,191.3785,191.4681,189.4217,190.3926,24407580.0
2019-09-10,189.3968,189.9445,188.1221,189.8449,23744687.0
2019-09-11,190.1835,191.727,189.7652,191.6274,25063617.0
2019-09-12,192.8324,193.8979,192.1652,192.4241,28689878.0
2019-09-13,192.1453,192.5934,191.488,191.737,27669795.0
2019-09-16,190.5021,191.2789,190.3129,190.8806,20318987.0
2019-09-17,190.9005,191.7967,190.4922,191.7967,21113675.0
2019-09-18,191.3984,191.7967,189.3171,191.717,31173056.0
2019-09-19,192.0556,193.2257,191.6673,192.0357,26214873.0
2019-09-20,192.3046,192.5038,189.3669,190.0042,30131528.0
2019-09-23,189.9485,190.657,189.3099,190.0882,22917563.0
2019-09-24,190.9563,191.3754,186.7464,187.5637,41096614.0
2019-09-25,187.3841,190.168,185.8075,189.6691,36499191.0
2019-09-26,189.4596,189.5893,187.5736,188.9706,27030029.0
2019-09-27,189.2899,189.4196,185.3485,186.6257,40804222.0
2019-09-30,187.3441,188.7012,186.9949,188.4018,26559841.0
2019-10-01,189.1303,190.1778,186.5509,186.8652,32665025.0
2019-10-02,185.6079,186.7993,182.6244,183.6521,48931982.0
2019-10-03,183.6721,185.804,181.427,185.6678,39612315.0
2019-10-04,186.5858,188.6713,186.476,188.4018,32752668.0
2019-10-07,187.8231,189.3298,187.5038,187.8331,21404580.0
2019-10-08,186.6057,187.4501,184.8695,185.0192,33201939.0
2019-10-09,186.5558,187.6734,186.027,186.8253,20829012.0
2019-10-10,186.8452,189.0205,186.7155,188.2721,26693780.0
2019-10-11,190.3875,192.2136,190.3077,190.6969,41428907.0
2019-10-14,190.4075,191.2856,190.2329,190.6769,15372774.0
2019-10-15,191.2357,193.5507,191.1459,193.1017,23735826.0
2019-10-16,192.4631,193.1116,192.014,192.6227,20689207.0
2019-10-17,193.7602,194.0795,192.3932,193.1316,19161821.0
2019-10-18,192.8422,193.2513,190.2928,191.2756,27719069.0
2019-10-21,192.2335,193.1017,191.7247,192.9719,15868946.0
2019-10-22,193.6405,193.9997,191.3754,191.4353,22988988.0
2019-10-23,191.0162,191.8426,190.7368,191.8045,15198327.0
2019-10-24,193.2015,193.7902,192.3234,193.6704,19264220.0
2019-10-25,192.6726,195.3169,192.6327,195.2171,21507115.0
2019-10-28,196.1451,197.4024,196.1251,197.1429,18842303.0
2019-10-29,196.8136,197.108,195.5863,195.6162,18569675.0
2019-10-30,195.9954,196.8935,194.8678,196.5642,21764311.0
2019-10-31,197.1329,197.2227,195.5164,196.654,26801803.0
2019-11-01,197.5021,198.4501,197.2028,198.4401,22131875.0
2019-11-04,199.7572,200.0916,198.4359,199.6674,19015855.0
2019-11-05,199.9169,200.1165,199.1186,199.7772,15048864.0
2019-11-06,199.5477,199.5677,198.3553,199.3282,19725486.0
2019-11-07,200.326,201.2839,199.418,199.9967,17832355.0
2019-11-08,199.5876,200.815,199.1087,200.795,15272516.0
2019-11-11,199.7972,200.6017,199.5078,200.5256,10187222.0
2019-11-12,200.6952,201.7729,200.3859,201.1043,14778283.0
2019-11-13,200.4058,201.3388,200.2761,201.1542,16110341.0
2019-11-14,200.3959,201.1243,199.7872,200.9946,17055686.0
2019-11-15,202.172,202.4714,201.5633,202.4714,18434519.0
2019-11-18,202.172,202.9503,201.3338,202.631,18408797.0
2019-11-19,203.3994,203.3994,202.1521,202.9304,16997568.0
2019-11-20,202.4115,203.0102,200.1863,201.713,36706275.0
2019-11-21,201.5035,201.6332,200.6353,201.264,17934353.0
2019-11-22,201.733,201.8826,200.3061,201.3937,17197019.0
2019-11-25,202.2319,203.8185,202.2319,203.7785,17794718.0
2019-11-26,203.8783,204.4271,203.6089,204.1677,14812921.0
2019-11-27,204.6866,205.6046,204.4471,205.5946,17060233.0
2019-11-29,205.1456,205.3851,204.5569,204.6566,9854553.0
2019-12-02,204.6666,204.7365,201.3438,202.5612,28121020.0
2019-12-03,199.887,201.0544,193.3661,200.9746,31425404.0
2019-12-04,202.0523,202.4714,201.703,201.9924,15336754.0
2019-12-05,202.7109,202.7109,201.4037,202.3915,15038785.0
2019-12-06,203.8085,204.7015,203.7088,204.5569,16562247.0
2019-12-09,204.1877,205.1493,203.5391,203.6289,14032175.0
2019-12-10,203.7286,204.4371,203.0002,203.4592,21849714.0
2019-12-11,203.9282,204.7464,203.5989,204.5369,18897759.0
2019-12-12,204.3273,206.8718,204.049,206.0636,32704625.0
2019-12-13,205.9139,207.4606,205.5148,206.7421,32534393.0
2019-12-16,208.0493,209.0771,208.0293,208.8176,21366177.0
2019-12-17,209.0471,209.2567,208.5881,208.9374,16034647.0
2019-12-18,209.1469,209.6758,208.8775,209.097,15490828.0
2019-12-19,209.1868,210.474,209.1669,210.4042,17892062.0
2019-12-20,211.3521,212.0592,210.8133,211.2523,27690934.0
2019-12-23,212.03,212.15,211.63,211.81,23798671.0
2019-12-24,211.97,212.09,211.44,211.92,7089020.0
2019-12-26,212.26,213.81,212.23,213.79,17159310.0
2019-12-27,214.55,214.56,213.04,213.61,18142239.0
2019-12-30,213.51,213.63,211.16,212.21,21829913.0
2019-12-31,211.62,212.76,211.2,212.61,18201585.0
2020-01-02,214.4,216.16,213.98,216.16,31014904.0
2020-01-03,213.29,215.47,213.28,214.18,27532657.0
2020-01-06,212.49,215.59,212.24,215.56,21726989.0
2020-01-07,215.64,216.14,214.85,215.53,23120994.0
2020-01-08,215.47,218.14,215.16,217.15,26464212.0
2020-01-09,218.91,219.41,217.7125,218.99,23641291.0
2020-01-10,219.76,219.87,218.04,218.43,21914631.0
2020-01-13,219.31,220.98,218.98,220.95,22846102.0
2020-01-14,220.75,221.21,219.74,220.08,24573340.0
2020-01-15,220.18,221.2,219.45,220.17,25742084.0
2020-01-16,221.24,222.32,220.8,222.28,18804959.0
2020-01-17,223.24,223.56,222.1221,223.38,24325167.0
2020-01-21,222.73,223.84,222.66,223.28,21146264.0
2020-01-22,224.38,225.15,223.59,223.87,20736403.0
2020-01-23,223.71,224.69,222.7,224.59,26496113.0
2020-01-24,225.62,225.88,221.6701,222.7,37436483.0
2020-01-27,217.72,219.2845,217.18,218.1,42264418.0
2020-01-28,219.6,221.96,219.06,221.45,26731876.0
2020-01-29,222.66,222.93,220.83,221.81,29063128.0
2020-01-30,220.37,222.7,219.6891,222.6,39568093.0
2020-01-31,223.5,223.56,218.285,219.07,52015832.0
2020-02-03,220.14,222.885,219.99,222.38,25468307.0
2020-02-04,225.39,227.86,224.6523,227.47,30691211.0
2020-02-05,230.22,230.25,226.85,228.22,38534817.0
2020-02-06,228.77,230.25,227.98,230.19,22467077.0
2020-02-07,229.16,230.44,228.54,229.2,25884933.0
2020-02-10,228.43,231.98,228.38,231.97,21478925.0
2020-02-11,233.21,234.02,231.3999,232.01,30197983.0
2020-02-12,233.34,234.38,232.8,234.27,24471275.0
2020-02-13,232.62,234.93,232.36,233.97,22773159.0
2020-02-14,234.28,234.86,233.5501,234.64,23438530.0
2020-02-18,233.47,235.17,233.25,234.73,24521242.0
2020-02-19,236.07,237.47,235.85,236.98,22230464.0
2020-02-20,236.46,236.95,231.88,234.78,42604016.0
2020-02-21,233.64,234.01,229.3211,230.27,66058611.0
2020-02-24,221.84,224.25,220.26,221.39,84522551.0
2020-02-25,223.19,223.9879,214.74,215.37,97742982.0
2020-02-26,216.67,220.28,214.9,216.48,80400053.0
2020-02-27,210.9,216.42,205.5,205.64,0.0
2020-02-28,198.64,207.17,198.17,205.8,0.0
2020-03-02,208.76,216.57,205.94,216.42,0.0
2020-03-03,217.03,219.61,207.62,209.48,0.0
2020-03-04,213.35,218.33,211.37,218.22,0.0
2020-03-05,212.53,216.36,210.1,211.59,0.0
2020-03-06,204.55,209.15,202.91,208.02,0.0
2020-03-09,193.0,201.16,192.11,193.57,0.0
2020-03-10,201.11,204.3,193.68,204.11,0.0
2020-03-11,199.3,200.75,192.73,195.22,0.0
2020-03-12,182.09,190.78,176.94,177.32,0.0
2020-03-13,187.07,194.48,178.13,192.34,0.0
2020-03-16,171.5,184.68,169.16,169.3,0.0
2020-03-17,175.34,184.39,169.78,182.14,0.0
2020-03-18,171.5,179.22,166.8,176.6,0.0
2020-03-19,175.43,183.49,171.63,177.66,0.0
2020-03-20,181.89,182.87,170.1,170.7,0.0
2020-03-23,170.7,174.21,164.93,170.46,0.0
